wsg,idlevel,site,sp,genus,latin,genwood,famwood
0.56675,genus,pantree,pit1ba,Abarema,Abarema barbouriana,0.56675,0.678168
0.438,species,pantree,pit1ma,Abarema,Abarema macradenia,0.56675,0.678168
0.774414,genus,pantree,acacco,Acacia,Acacia collinsii,0.774414,0.678168
0.774414,genus,pantree,acacme,Acacia,Acacia melanoceras,0.774414,0.678168
0.774414,genus,pantree,acacri,Acacia,Acacia riparia,0.774414,0.678168
0.774414,genus,pantree,acac1,Acacia,Acacia sp.1,0.774414,0.678168
0.3,genus,pantree,acaldi,Acalypha,Acalypha diversifolia,0.3,0.509083
0.3,genus,pantree,acalma,Acalypha,Acalypha macrostachya,0.3,0.509083
NA,NA,pantree,acante,Acanthocereus,Acanthocereus tetragonus,NA,NA
0.509083,family,pantree,acidni,Acidoton,Acidoton nicaraguensis,NA,0.509083
0.678168,family,pantree,acospa,Acosmium,Acosmium panamense,NA,0.678168
0.568511,family,pantree,acropa,Acrocomia,Acrocomia aculeata,NA,0.568511
0.6045,species,pantree,ade1tr,Adelia,Adelia triloba,0.693,0.509083
0.584548,family,pantree,adenfl,Adenaria,Adenaria floribunda,NA,0.584548
0.656667,genus,pantree,aegian,Aegiphila,Aegiphila anomala,0.656667,0.538969
0.656667,genus,pantree,aegipa,Aegiphila,Aegiphila panamensis,0.656667,0.538969
0.81775,species,pantree,agonbr,Agonandra,Agonandra brasiliensis,0.818714,0.742333
0.568511,family,pantree,aiphhi,Aiphanes,Aiphanes hirsuta,NA,0.568511
0.54372,genus,pantree,albiad,Albizia,Albizia adinocephala,0.54372,0.678168
0.555,species,pantree,albini,Albizia,Albizia niopoides,0.54372,0.678168
0.573,species,pantree,albipr,Albizia,Albizia procera,0.54372,0.678168
0.301,species,pantree,alchco,Alchornea,Alchornea costaricensis,0.412203,0.509083
0.412203,genus,pantree,alchgr,Alchornea,Alchornea grandis,0.412203,0.509083
0.420263,species,pantree,alchla,Alchornea,Alchornea latifolia,0.412203,0.509083
0.412203,genus,pantree,alch3,Alchornea,Alchornea sp.3,0.412203,0.509083
0.412203,genus,pantree,alch4,Alchornea,Alchornea sp.4,0.412203,0.509083
0.412203,genus,pantree,alch5,Alchornea,Alchornea sp.5,0.412203,0.509083
0.76,species,pantree,alibed,Alibertia,Alibertia edulis,0.738,0.635113
0.738,genus,pantree,alibga,Alibertia,Alibertia garapatica,0.738,0.635113
0.635113,family,pantree,alleer,Allenanthus,Allenanthus erythrocarpus,NA,0.635113
0.513308,genus,pantree,alloge,Allophylus,Allophylus gentryi,0.513308,0.693076
0.513308,genus,pantree,allops,Allophylus,Allophylus psilospermus,0.513308,0.693076
0.513308,genus,pantree,allooc,Allophylus,Allophylus racemosus,0.513308,0.693076
0.513308,genus,pantree,allo2,Allophylus,Allophylus sp.2,0.513308,0.693076
0.536,species,pantree,alsebl,Alseis,Alseis blackiana,0.643,0.635113
0.625,genus,pantree,amaico,Amaioua,Amaioua corymbosa,0.625,0.635113
0.625,genus,pantree,amaima,Amaioua,Amaioua magnicarpa,0.625,0.635113
0.625,genus,pantree,amaipe,Amaioua,Amaioua pedicellata,0.625,0.635113
0.625,genus,pantree,amai1,Amaioua,Amaioua sp.1,0.625,0.635113
0.625,genus,pantree,amai2,Amaioua,Amaioua sp.2,0.625,0.635113
0.610198,family,pantree,amangu,Amanoa,Amanoa guianensis,NA,0.610198
0.6995,species,pantree,ampeed,Ampelocera,Ampelocera edentula,0.705,0.595585
0.705,genus,pantree,ampema,Ampelocera,Ampelocera macphersonii,0.705,0.595585
0.46,genus,pantree,amp1is,Amphitecna,Amphitecna isthmica,0.46,0.618486
0.46,genus,pantree,amp1la,Amphitecna,Amphitecna latifolia,0.46,0.618486
0.46,genus,pantree,amp1sp,Amphitecna,Amphitecna spathicalyx,0.46,0.618486
0.391286,species,pantree,anacex,Anacardium,Anacardium excelsum,0.449233,0.557831
0.449233,genus,pantree,anacoc,Anacardium,Anacardium occidentale,0.449233,0.557831
0.53,genus,pantree,anaxal,Anaxagorea,Anaxagorea allenii,0.53,0.564953
0.53,genus,pantree,anaxcr,Anaxagorea,Anaxagorea crassipetala,0.53,0.564953
0.53,genus,pantree,anaxpa,Anaxagorea,Anaxagorea panamensis,0.53,0.564953
0.641952,species,pantree,andiin,Andira,Andira inermis,0.71419,0.678168
0.619,species,pantree,anibho,Aniba,Aniba hostmanniana,0.665902,0.558537
0.665902,genus,pantree,anib1,Aniba,Aniba sp.1,0.665902,0.558537
0.665902,genus,pantree,anib2,Aniba,Aniba sp.2,0.665902,0.558537
0.517667,genus,pantree,annoac,Annona,Annona acuminata,0.517667,0.564953
0.517667,genus,pantree,annoch,Annona,Annona cherimola,0.517667,0.564953
0.517667,genus,pantree,annogl,Annona,Annona glabra,0.517667,0.564953
0.517667,genus,pantree,annoha,Annona,Annona hayesii,0.517667,0.564953
0.517667,genus,pantree,annomo,Annona,Annona montana,0.517667,0.564953
0.517667,genus,pantree,annomu,Annona,Annona muricata,0.517667,0.564953
0.517667,genus,pantree,annopi,Annona,Annona pittieri,0.517667,0.564953
0.57,species,pantree,annopu,Annona,Annona purpurea,0.517667,0.564953
0.517667,genus,pantree,annore,Annona,Annona reticulata,0.517667,0.564953
0.559,species,pantree,annosp,Annona,Annona spraguei,0.517667,0.564953
0.278333,genus,pantree,apeihy,Apeiba,Apeiba hybrid,0.278333,0.475382
0.278333,genus,pantree,apeime,Apeiba,Apeiba membranacea,0.278333,0.475382
0.2,species,pantree,apeiti,Apeiba,Apeiba tibourbou,0.278333,0.475382
0.652,genus,pantree,apheca,Aphelandra,Aphelandra campanensis,0.652,0.669737
0.652,genus,pantree,aphegr,Aphelandra,Aphelandra gracilis,0.652,0.669737
0.652,genus,pantree,aphede,Aphelandra,Aphelandra scabra,0.652,0.669737
0.652,genus,pantree,aphesi,Aphelandra,Aphelandra sinclairiana,0.652,0.669737
0.635113,family,pantree,appuse,Appunia,Appunia seibertii,NA,0.635113
0.597818,genus,pantree,ardiba,Ardisia,Ardisia bartlettii,0.597818,0.647118
0.597818,genus,pantree,ardidu,Ardisia,Ardisia dukei,0.597818,0.647118
0.597818,genus,pantree,ardigl,Ardisia,Ardisia glomerata,0.597818,0.647118
0.62,species,pantree,ardigu,Ardisia,Ardisia guianensis,0.597818,0.647118
0.597818,genus,pantree,ardiop,Ardisia,Ardisia opaca,0.597818,0.647118
0.597818,genus,pantree,ardio1,Ardisia,Ardisia opegrapha,0.597818,0.647118
0.597818,genus,pantree,ardire,Ardisia,Ardisia revoluta,0.597818,0.647118
0.62,species,pantree,ardiso,Ardisia,Ardisia solanacea,0.597818,0.647118
0.597818,genus,pantree,ardi11,Ardisia,Ardisia sp.11,0.597818,0.647118
0.597818,genus,pantree,ardi15,Ardisia,Ardisia sp.15,0.597818,0.647118
0.597818,genus,pantree,ardi5,Ardisia,Ardisia sp.5,0.597818,0.647118
0.597818,genus,pantree,ardi6,Ardisia,Ardisia sp.6,0.597818,0.647118
0.597818,genus,pantree,ardi7,Ardisia,Ardisia sp.7,0.597818,0.647118
0.597818,genus,pantree,ardi9,Ardisia,Ardisia sp.9,0.597818,0.647118
0.597818,genus,pantree,ardife,Ardisia,Ardisia standleyana,0.597818,0.647118
0.424024,species,pantree,artoal,Artocarpus,Artocarpus altilis,0.482049,0.539787
0.7774,species,pantree,aspime,Aspidosperma,Aspidosperma megalocarpon,0.747795,0.566004
0.753333,species,pantree,aspicr,Aspidosperma,Aspidosperma spruceanum,0.747795,0.566004
0.508,genus,pantree,ast1al,Astrocaryum,Astrocaryum alatum,0.508,0.568511
0.508,genus,pantree,ast1st,Astrocaryum,Astrocaryum standleyanum,0.508,0.568511
0.868143,species,pantree,ast2gr,Astronium,Astronium graveolens,0.871486,0.557831
0.326,species,pantree,sch1zo,Attalea,Attalea butyracea,0.326,0.568511
0.767024,family,pantree,myrcze,Aulomyrcia,Aulomyrcia zetekiana,NA,0.767024
0.669737,family,pantree,avicbi,Avicennia,Avicennia bicolor,NA,0.669737
0.669737,family,pantree,avicge,Avicennia,Avicennia germinans,NA,0.669737
0.568511,family,pantree,bactba,Bactris,Bactris barronis,NA,0.568511
0.568511,family,pantree,bactc1,Bactris,Bactris coloniata,NA,0.568511
0.568511,family,pantree,bactc2,Bactris,Bactris coloradonis,NA,0.568511
0.568511,family,pantree,bactga,Bactris,Bactris gasipaes,NA,0.568511
0.568511,family,pantree,bactma,Bactris,Bactris major,NA,0.568511
0.568511,family,pantree,bactm1,Bactris,Bactris maraja,NA,0.568511
0.568511,family,pantree,bactpa,Bactris,Bactris panamensis,NA,0.568511
0.61,species,pantree,banagu,Banara,Banara guianensis,0.64075,0.56611
0.810462,genus,pantree,bauh1,Bauhinia,Bauhinia sp.1,0.810462,0.678168
0.810462,genus,pantree,bauhun,Bauhinia,Bauhinia ungulata,0.810462,0.678168
0.507,species,pantree,beilpe,Beilschmiedia,Beilschmiedia pendula,0.573105,0.558537
0.573105,genus,pantree,beilsu,Beilschmiedia,Beilschmiedia sulcata,0.573105,0.558537
0.485,species,pantree,bellpe,Bellucia,Bellucia pentamera,0.557143,0.668236
0.635113,family,pantree,bertgu,Bertiera,Bertiera guianensis,NA,0.635113
NA,NA,pantree,beslfo,Besleria,Besleria formicaria,NA,NA
0.69,genus,pantree,billco,Billia,Billia rosea,0.69,0.693076
0.358333,genus,pantree,bixaor,Bixa,Bixa orellana,0.358333,0.294417
0.710375,genus,pantree,bligsa,Blighia,Blighia sapida,0.710375,0.693076
NA,NA,pantree,boccfr,Bocconia,Bocconia frutescens,NA,NA
0.52,genus,pantree,boropa,Borojoa,Borojoa panamensis,0.52,0.635113
0.52,genus,pantree,boro1,Borojoa,Borojoa sp.1,0.52,0.635113
0.73,genus,pantree,bourco,Bourreria,Bourreria costaricensis,0.73,0.538287
0.60775,species,pantree,brosal,Brosimum,Brosimum alicastrum,0.670833,0.539787
0.665,species,pantree,brosco,Brosimum,Brosimum costaricanum,0.670833,0.539787
0.8435,species,pantree,brosgu,Brosimum,Brosimum guianense,0.670833,0.539787
0.6556,species,pantree,brosla,Brosimum,Brosimum lactescens,0.670833,0.539787
0.825143,species,pantree,brosru,Brosimum,Brosimum rubescens,0.670833,0.539787
0.505786,species,pantree,brosut,Brosimum,Brosimum utile,0.670833,0.539787
1.21,genus,pantree,browma,Brownea,Brownea macrophylla,1.21,0.678168
0.619444,species,pantree,buchca,Buchenavia,Buchenavia tetraphylla,0.702625,0.600332
0.600332,family,pantree,bucibu,Bucida,Bucida buceras,NA,0.600332
0.654333,genus,pantree,buncdw,Bunchosia,Bunchosia dwyeri,0.654333,0.63709
0.654333,genus,pantree,buncma,Bunchosia,Bunchosia macrophylla,0.654333,0.63709
0.654333,genus,pantree,buncod,Bunchosia,Bunchosia odorata,0.654333,0.63709
0.654333,genus,pantree,bunc1,Bunchosia,Bunchosia sp.1,0.654333,0.63709
0.305286,species,pantree,burssi,Bursera,Bursera simaruba,0.316231,0.521651
0.316231,genus,pantree,bursto,Bursera,Bursera tomentosa,0.316231,0.521651
0.594167,species,pantree,byrscr,Byrsonima,Byrsonima crassifolia,0.631931,0.63709
0.58,species,pantree,byrsc1,Byrsonima,Byrsonima crispa,0.631931,0.63709
0.631931,genus,pantree,byrsne,Byrsonima,Byrsonima dressleri,0.631931,0.63709
0.613732,species,pantree,byrssp,Byrsonima,Byrsonima spicata,0.631931,0.63709
0.678168,family,pantree,caesco,Caesalpinia,Caesalpinia coriaria,NA,0.678168
0.5655,species,pantree,calaco,Calatola,Calatola costaricensis,0.630333,0.576971
0.816,genus,pantree,callst,Calliandra,Calliandra laxa,0.816,0.678168
0.35,genus,pantree,cal4ac,Callicarpa,Callicarpa acuminata,0.35,0.538969
0.589067,species,pantree,calobr,Calophyllum,Calophyllum brasiliense,0.577778,0.655327
0.577778,genus,pantree,caloin,Calophyllum,Calophyllum inophyllum,0.577778,0.655327
0.542,species,pantree,calolo,Calophyllum,Calophyllum longifolium,0.577778,0.655327
0.8,genus,pantree,cal11,Calycolpus,Calycolpus sp.1,0.8,0.767024
0.8,genus,pantree,cal1wa,Calycolpus,Calycolpus warszewiczianus,0.8,0.767024
0.718,species,pantree,cal2ca,Calycophyllum,Calycophyllum candidissimum,0.729133,0.635113
0.783333,genus,pantree,calych,Calyptranthes,Calyptranthes chytraculia,0.783333,0.767024
0.783333,genus,pantree,calypu,Calyptranthes,Calyptranthes pulchella,0.783333,0.767024
0.783333,genus,pantree,calytu,Calyptranthes,Calyptranthes tumidonodia,0.783333,0.767024
0.568511,family,pantree,cal3co,Calyptrogyne,Calyptrogyne costatifrons,NA,0.568511
0.3598,genus,pantree,camppa,Campnosperma,Campnosperma panamense,0.3598,0.557831
0.700071,genus,pantree,cappan,Capparis,Capparis antonensis,0.700071,0.754
0.700071,genus,pantree,cappcy,Capparis,Capparis cynophallophora,0.700071,0.754
0.700071,genus,pantree,cappdi,Capparis,Capparis discolor,0.700071,0.754
0.700071,genus,pantree,cappfl,Capparis,Capparis flexuosa,0.700071,0.754
0.823,species,pantree,cappfr,Capparis,Capparis frondosa,0.700071,0.754
0.700071,genus,pantree,cappin,Capparis,Capparis indica,0.700071,0.754
0.700071,genus,pantree,capppa,Capparis,Capparis panamensis,0.700071,0.754
0.700071,genus,pantree,capppi,Capparis,Capparis pittieri,0.700071,0.754
0.700071,genus,pantree,cappve,Capparis,Capparis verrucosa,0.700071,0.754
0.53,species,pantree,caragu,Carapa,Carapa guianensis,0.560182,0.555811
0.1875,genus,pantree,caripa,Carica,Carica papaya,0.1875,0.22625
0.558537,family,pantree,carybu,Caryodaphnopsis,Caryodaphnopsis burgeri,NA,0.558537
0.558537,family,pantree,caryto,Caryodaphnopsis,Caryodaphnopsis tomentosa,NA,0.558537
0.66,species,pantree,caseac,Casearia,Casearia aculeata,0.632639,0.56611
0.573826,species,pantree,casear,Casearia,Casearia arborea,0.632639,0.56611
0.517,species,pantree,casea1,Casearia,Casearia arguta,0.632639,0.56611
0.632639,genus,pantree,caseco,Casearia,Casearia commersoniana,0.632639,0.56611
0.632639,genus,pantree,casec1,Casearia,Casearia coronata,0.632639,0.56611
0.632639,genus,pantree,casec2,Casearia,Casearia corymbosa,0.632639,0.56611
0.75481,species,pantree,casegu,Casearia,Casearia guianensis,0.632639,0.56611
0.632639,genus,pantree,caseni,Casearia,Casearia nigricans,0.632639,0.56611
0.632639,genus,pantree,case3,Casearia,Casearia sp.3,0.632639,0.56611
0.632639,genus,pantree,case4,Casearia,Casearia sp.4,0.632639,0.56611
0.632639,genus,pantree,case5,Casearia,Casearia sp.5,0.632639,0.56611
0.632639,genus,pantree,case6,Casearia,Casearia sp.6,0.632639,0.56611
0.703346,species,pantree,casesy,Casearia,Casearia sylvestris,0.632639,0.56611
0.738828,genus,pantree,cas1gr,Cassia,Cassia grandis,0.738828,0.678168
0.805,species,pantree,cas1mo,Cassia,Cassia moschata,0.738828,0.678168
0.637409,genus,pantree,cass2,Cassipourea,Cassipourea enana,0.637409,0.739506
0.637409,genus,pantree,cass1,Cassipourea,Cassipourea hoja_grande,0.637409,0.739506
0.637409,genus,pantree,cassel,Cassipourea,Cassipourea elliptica,0.637409,0.739506
0.437,species,pantree,castel,Castilla,Castilla elastica,0.437,0.539787
0.437,species,pantree,casttu,Castilla,Castilla tunu,0.437,0.539787
0.36,species,pantree,cavapl,Cavanillesia,Cavanillesia platanifolia,0.216667,0.475382
0.336226,genus,pantree,cecrga,Cecropia,Cecropia garciae,0.336226,0.343615
0.336226,genus,pantree,cecrhe,Cecropia,Cecropia heterochroma,0.336226,0.343615
0.336226,genus,pantree,cecrhi,Cecropia,Cecropia hispidissima,0.336226,0.343615
0.3175,species,pantree,cecrin,Cecropia,Cecropia insignis,0.336226,0.343615
0.336226,genus,pantree,cecrlo,Cecropia,Cecropia longipes,0.336226,0.343615
0.307333,species,pantree,cecrob,Cecropia,Cecropia obtusifolia,0.336226,0.343615
0.298,species,pantree,cecrpe,Cecropia,Cecropia peltata,0.336226,0.343615
0.4666,species,pantree,cedrfi,Cedrela,Cedrela fissilis,0.438375,0.555811
0.445867,species,pantree,cedrod,Cedrela,Cedrela odorata,0.438375,0.555811
0.305149,species,pantree,ceibpe,Ceiba,Ceiba pentandra,0.331552,0.475382
0.616,species,pantree,celtsc,Celtis,Celtis schippii,0.593831,0.536682
NA,NA,pantree,centto,Centropogon,Centropogon tortilis,NA,NA
0.61325,species,pantree,cespma,Cespedesia,Cespedesia spathulata,0.604667,0.777205
0.735971,genus,pantree,cestla,Cestrum,Cestrum latifolium,0.735971,0.516194
0.735971,genus,pantree,cestme,Cestrum,Cestrum megalophyllum,0.735971,0.516194
0.568511,family,pantree,cha1pi,Chamaedorea,Chamaedorea pinnatifrons,NA,0.568511
0.568511,family,pantree,cha1te,Chamaedorea,Chamaedorea tepejilote,NA,0.568511
0.767024,family,pantree,cha2sc,Chamguava,Chamguava schippii,NA,0.767024
0.661201,family,pantree,cheico,Cheiloclinium,Cheiloclinium cognatum,NA,0.661201
0.7115,genus,pantree,chimla,Chimarrhis,Chimarrhis latifolia,0.7115,0.635113
0.7115,genus,pantree,chimpa,Chimarrhis,Chimarrhis parviflora,0.7115,0.635113
0.714118,genus,pantree,chi1pa,Chionanthus,Chionanthus panamensis,0.714118,0.684062
0.678168,family,pantree,chloma,Chloroleucon,Chloroleucon mangense,NA,0.678168
0.53,species,pantree,chomsp,Chomelia,Chomelia spinosa,0.55,0.635113
0.753333,species,pantree,chr3ic,Chrysobalanus,Chrysobalanus icaco,0.77575,0.78005
0.43,genus,pantree,chr1ec,Chrysochlamys,Chrysochlamys eclipes,0.43,0.655327
0.43,genus,pantree,chr1gl,Chrysochlamys,Chrysochlamys glauca,0.43,0.655327
0.43,genus,pantree,chr1gr,Chrysochlamys,Chrysochlamys grandifolia,0.43,0.655327
0.764833,species,pantree,chr2ar,Chrysophyllum,Chrysophyllum argenteum,0.657994,0.703375
0.657994,genus,pantree,chr2br,Chrysophyllum,Chrysophyllum brenesii,0.657994,0.703375
0.655,species,pantree,chr2ca,Chrysophyllum,Chrysophyllum cainito,0.657994,0.703375
0.657994,genus,pantree,chr2co,Chrysophyllum,Chrysophyllum colombianum,0.657994,0.703375
0.657994,genus,pantree,chr2hi,Chrysophyllum,Chrysophyllum hirsutum,0.657994,0.703375
0.657994,genus,pantree,chr21,Chrysophyllum,Chrysophyllum sp.1,0.657994,0.703375
0.657994,genus,pantree,chr22,Chrysophyllum,Chrysophyllum sp.2,0.657994,0.703375
0.657994,genus,pantree,chr2ve,Chrysophyllum,Chrysophyllum venezuelanense,0.657994,0.703375
0.474415,genus,pantree,cinnpa,Cinnamomum,Cinnamomum paratriplinerve,0.474415,0.558537
0.474415,genus,pantree,phoeci,Cinnamomum,Cinnamomum triplinerve,0.474415,0.558537
0.646687,species,pantree,cithca,Citharexylum,Citharexylum caudatum,0.660086,0.620324
0.78,species,pantree,citrsi,Citrus,Citrus sinensis,0.636667,0.639063
0.4975,species,pantree,clarbi,Clarisia,Clarisia biflora,0.577783,0.539787
0.585429,species,pantree,clarra,Clarisia,Clarisia racemosa,0.577783,0.539787
0.740667,family,pantree,clavbi,Clavija,Clavija biborrana,NA,0.740667
0.740667,family,pantree,clavco,Clavija,Clavija costaricana,NA,0.740667
0.740667,family,pantree,clavme,Clavija,Clavija mezii,NA,0.740667
0.55,species,pantree,cletla,Clethra,Clethra lanata,0.530333,0.530333
0.668236,family,pantree,clidco,Clidemia,Clidemia crenulata,NA,0.668236
0.668236,family,pantree,clidd1,Clidemia,Clidemia densiflora,NA,0.668236
0.668236,family,pantree,clidde,Clidemia,Clidemia dentata,NA,0.668236
0.668236,family,pantree,cliddi,Clidemia,Clidemia discolor,NA,0.668236
0.668236,family,pantree,clidha,Clidemia,Clidemia hammelii,NA,0.668236
0.668236,family,pantree,clidoc,Clidemia,Clidemia octona,NA,0.668236
0.668236,family,pantree,clidse,Clidemia,Clidemia septuplinervia,NA,0.668236
0.668236,family,pantree,clid1,Clidemia,Clidemia sp.1,NA,0.668236
0.678168,family,pantree,clitgl,Clitoria,Clitoria glaberrima,NA,0.678168
0.665444,genus,pantree,cluscr,Clusia,Clusia cretosa,0.665444,0.655327
0.665444,genus,pantree,clusdi,Clusia,Clusia divaricata,0.665444,0.655327
0.665444,genus,pantree,cluspr,Clusia,Clusia pratensis,0.665444,0.655327
0.624815,species,pantree,clusro,Clusia,Clusia rosea,0.665444,0.655327
0.665444,genus,pantree,clusst,Clusia,Clusia stenophylla,0.665444,0.655327
0.509083,family,pantree,cnidur,Cnidoscolus,Cnidoscolus urens,NA,0.509083
0.671864,genus,pantree,cocca2,Coccoloba,Coccoloba acuminata,0.671864,0.602922
0.671864,genus,pantree,coccca,Coccoloba,Coccoloba caracasana,0.671864,0.602922
0.671864,genus,pantree,coccco,Coccoloba,Coccoloba coronata,0.671864,0.602922
0.671864,genus,pantree,coccjo,Coccoloba,Coccoloba johnstonii,0.671864,0.602922
0.671864,genus,pantree,coccla,Coccoloba,Coccoloba lasseri,0.671864,0.602922
0.671864,genus,pantree,coccma,Coccoloba,Coccoloba manzinellensis,0.671864,0.602922
0.675,species,pantree,coccmo,Coccoloba,Coccoloba mollis,0.671864,0.602922
0.671864,genus,pantree,coccob,Coccoloba,Coccoloba obovata,0.671864,0.602922
0.8,species,pantree,coccpa,Coccoloba,Coccoloba padiformis,0.671864,0.602922
0.671864,genus,pantree,cocc2,Coccoloba,Coccoloba sp.2,0.671864,0.602922
0.671864,genus,pantree,cocc4,Coccoloba,Coccoloba sp.4,0.671864,0.602922
0.671864,genus,pantree,cocctu,Coccoloba,Coccoloba tuerckheimii,0.671864,0.602922
0.671864,genus,pantree,coccuv,Coccoloba,Coccoloba uvifera,0.671864,0.602922
NA,NA,pantree,cochvi,Cochlospermum,Cochlospermum vitifolium,NA,NA
0.568511,family,pantree,coconu,Cocos,Cocos nucifera,NA,0.568511
0.6175,species,pantree,coffar,Coffea,Coffea arabica,0.627,0.635113
0.678168,family,pantree,cojo1,Cojoba,Cojoba hoja_grande,NA,0.678168
0.678168,family,pantree,pit1ru,Cojoba,Cojoba rufescens,NA,0.678168
0.568511,family,pantree,colpap,Colpothrinax,Colpothrinax aphanopetala,NA,0.568511
0.738667,species,pantree,colugl,Colubrina,Colubrina glandulosa,0.745462,0.693636
0.97,species,pantree,coluhe,Colubrina,Colubrina heteroneura,0.745462,0.693636
0.745462,genus,pantree,colusp,Colubrina,Colubrina spinosa,0.745462,0.693636
0.505312,family,pantree,compca,Compsoneura,Compsoneura capitellata,NA,0.505312
0.505312,family,pantree,compsp,Compsoneura,Compsoneura sprucei,NA,0.505312
0.266,species,pantree,concpl,Conceveiba,Conceveiba pleiostemona,0.478167,0.509083
0.639063,family,pantree,angoni,Conchocarpus,Conchocarpus nicaraguensis,NA,0.639063
0.635113,family,pantree,condco,Condaminea,Condaminea corymbosa,NA,0.635113
0.600332,family,pantree,con1er,Conocarpus,Conocarpus erectus,NA,0.600332
0.668236,family,pantree,conobr,Conostegia,Conostegia bracteata,NA,0.668236
0.668236,family,pantree,conoci,Conostegia,Conostegia cinnamomea,NA,0.668236
0.668236,family,pantree,conocu,Conostegia,Conostegia cuatrecasii,NA,0.668236
0.668236,family,pantree,conomo,Conostegia,Conostegia montana,NA,0.668236
0.668236,family,pantree,conoru,Conostegia,Conostegia rufescens,NA,0.668236
0.668236,family,pantree,cono1,Conostegia,Conostegia sp.1,NA,0.668236
0.668236,family,pantree,conosp,Conostegia,Conostegia speciosa,NA,0.668236
0.668236,family,pantree,conoxa,Conostegia,Conostegia xalapensis,NA,0.668236
0.62,species,pantree,copaar,Copaifera,Copaifera aromatica,0.611079,0.678168
0.517429,species,pantree,cordal,Cordia,Cordia alliodora,0.514618,0.538287
0.475,species,pantree,cordbi,Cordia,Cordia bicolor,0.514618,0.538287
0.42,species,pantree,cordco,Cordia,Cordia collococca,0.514618,0.538287
0.514618,genus,pantree,cordc1,Cordia,Cordia correae,0.514618,0.538287
0.514618,genus,pantree,cordcu,Cordia,Cordia curassavica,0.514618,0.538287
0.514618,genus,pantree,cordcy,Cordia,Cordia cymosa,0.514618,0.538287
0.514618,genus,pantree,cordde,Cordia,Cordia dentata,0.514618,0.538287
0.514618,genus,pantree,corddw,Cordia,Cordia dwyeri,0.514618,0.538287
0.514618,genus,pantree,corder,Cordia,Cordia eriostigma,0.514618,0.538287
0.397,species,pantree,cordla,Cordia,Cordia lasiocalyx,0.514618,0.538287
0.514618,genus,pantree,cordlu,Cordia,Cordia lucidula,0.514618,0.538287
0.514618,genus,pantree,cordme,Cordia,Cordia megalantha,0.514618,0.538287
0.33,species,pantree,cordpa,Cordia,Cordia panamensis,0.514618,0.538287
0.514618,genus,pantree,cordpo,Cordia,Cordia porcata,0.514618,0.538287
0.514618,genus,pantree,cord6,Cordia,Cordia sp.6,0.514618,0.538287
0.514618,genus,pantree,cord7,Cordia,Cordia sp.7,0.514618,0.538287
0.538969,family,pantree,cor1py,Cornutia,Cornutia pyramidata,NA,0.538969
0.635113,family,pantree,cosmma,Cosmibuena,Cosmibuena macrocarpa,NA,0.635113
0.786133,genus,pantree,coue2,Couepia,Couepia chocolate,0.786133,0.78005
0.786133,genus,pantree,coue1,Couepia,Couepia sp.1,0.786133,0.78005
0.507125,species,pantree,courpa,Couratari,Couratari guianensis,0.536533,0.696332
0.6182,genus,pantree,cou2ce,Coussarea,Coussarea cerroazulensis,0.6182,0.635113
0.6182,genus,pantree,cou2cu,Coussarea,Coussarea curvigemmia,0.6182,0.635113
0.6182,genus,pantree,cou2ho,Coussarea,Coussarea hondensis,0.6182,0.635113
0.6182,genus,pantree,cou2la,Coussarea,Coussarea latifolia,0.6182,0.635113
0.6182,genus,pantree,cou2lo,Coussarea,Coussarea loftonii,0.6182,0.635113
0.6182,genus,pantree,cou21,Coussarea,Coussarea sp.1,0.6182,0.635113
0.6,species,pantree,couthe,Coutarea,Coutarea hexandra,0.6,0.635113
0.5185,species,pantree,cratta,Crateva,Crateva tapia,0.466778,0.754
0.564953,family,pantree,crempa,Cremastosperma,Cremastosperma panamense,NA,0.564953
0.564953,family,pantree,crem2,Cremastosperma,Cremastosperma sp.2,NA,0.564953
0.564953,family,pantree,crem4,Cremastosperma,Cremastosperma sp.4,NA,0.564953
0.618486,family,pantree,crescu,Crescentia,Crescentia cujete,NA,0.618486
0.661201,family,pantree,crospa,Crossopetalum,Crossopetalum parviflorum,NA,0.661201
0.517382,genus,pantree,crotbi,Croton,Croton billbergianus,0.517382,0.509083
0.517382,genus,pantree,crotdr,Croton,Croton draco,0.517382,0.509083
0.62,species,pantree,crotla,Croton,Croton lanjouwensis,0.517382,0.509083
0.517382,genus,pantree,crotpa,Croton,Croton pachypodus,0.517382,0.509083
0.517382,genus,pantree,crotsc,Croton,Croton schiedeanus,0.517382,0.509083
0.517382,genus,pantree,crotsm,Croton,Croton smithianus,0.517382,0.509083
0.517382,genus,pantree,crot2,Croton,Croton sp.2,0.517382,0.509083
0.517382,genus,pantree,crot3,Croton,Croton sp.3,0.517382,0.509083
0.78313,genus,pantree,crudac,Crudia,Crudia acuminata,0.78313,0.678168
0.4,species,pantree,cryowa,Cryosophila,Cryosophila warscewiczii,0.4,0.568511
0.57,species,pantree,crypas,Cryptocarya,Cryptocarya aschersoniana,0.578345,0.558537
0.5,species,pantree,cupaci,Cupania,Cupania cinerea,0.608708,0.693076
0.688,species,pantree,cupagu,Cupania,Cupania guatemalensis,0.608708,0.693076
0.608708,genus,pantree,cupala,Cupania,Cupania latifolia,0.608708,0.693076
0.608708,genus,pantree,cuparu,Cupania,Cupania rufescens,0.608708,0.693076
0.628,species,pantree,cupasc,Cupania,Cupania scrobiculata,0.608708,0.693076
0.608708,genus,pantree,cupasy,Cupania,Cupania seemannii,0.608708,0.693076
0.608708,genus,pantree,cupa1,Cupania,Cupania sp.1,0.608708,0.693076
0.608708,genus,pantree,cupa2,Cupania,Cupania sp.2,0.608708,0.693076
0.608708,genus,pantree,cupa3,Cupania,Cupania sp.3,0.608708,0.693076
0.608708,genus,pantree,cupa5,Cupania,Cupania sp.5,0.608708,0.693076
0.613421,family,pantree,curaam,Curatella,Curatella americana,NA,0.613421
NA,NA,pantree,cyatmu,Cyathea,Cyathea multiflora,NA,NA
NA,NA,pantree,cnempe,Cyathea,Cyathea petiolata,NA,NA
0.593,genus,pantree,cybisc,Cybianthus,Cybianthus schlimii,0.593,0.647118
0.535,genus,pantree,cym1co,Cymbopetalum,Cymbopetalum costaricense,0.535,0.564953
0.535,genus,pantree,cym1la,Cymbopetalum,Cymbopetalum lanugipetalum,0.535,0.564953
0.802815,genus,pantree,cynoba,Cynometra,Cynometra bauhiniifolia,0.802815,0.678168
0.58619,species,pantree,cyrira,Cyrilla,Cyrilla racemiflora,0.58619,0.58619
0.876,species,pantree,dalbre,Dalbergia,Dalbergia retusa,0.786439,0.678168
0.410341,genus,pantree,dapham,Daphnopsis,Daphnopsis americana,0.410341,0.508424
0.410341,genus,pantree,daphco,Daphnopsis,Daphnopsis correae,0.410341,0.508424
0.678168,family,pantree,delore,Delonix,Delonix regia,NA,0.678168
0.420594,species,pantree,dendar,Dendropanax,Dendropanax arboreus,0.420594,0.428823
0.420594,genus,pantree,dendgl,Dendropanax,Dendropanax globosus,0.420594,0.428823
0.420594,genus,pantree,dendpu,Dendropanax,Dendropanax punctatus,0.420594,0.428823
0.420594,genus,pantree,dendse,Dendropanax,Dendropanax sessiliflorus,0.420594,0.428823
0.764,genus,pantree,des2ma,Desmopsis,Desmopsis maxonii,0.764,0.564953
0.764,species,pantree,des2pa,Desmopsis,Desmopsis panamensis,0.764,0.564953
0.896385,species,pantree,dialgu,Dialium,Dialium guianense,0.82251,0.678168
0.761,genus,pantree,dichax,Dichapetalum,Dichapetalum axillare,0.761,0.6804
0.693076,family,pantree,diloco,Dilodendron,Dilodendron costaricense,NA,0.693076
0.697332,genus,pantree,dio2ar,Diospyros,Diospyros artanthifolia,0.697332,0.697995
0.914333,genus,pantree,diphro,Diphysa,Diphysa americana,0.914333,0.678168
0.761846,species,pantree,diplpu,Diplotropis,Diplotropis purpurea,0.73775,0.678168
0.848333,species,pantree,diptpa,Dipteryx,Dipteryx oleifera,0.9126,0.678168
0.56,species,pantree,discgu,Discophora,Discophora guianensis,0.56,0.625
0.705952,genus,pantree,dryp1,Drypetes,Drypetes sp.1,0.705952,0.509
0.675,species,pantree,drypst,Drypetes,Drypetes standleyi,0.705952,0.509
0.724118,genus,pantree,duguco,Duguetia,Duguetia confusa,0.724118,0.564953
0.724118,genus,pantree,dugupa,Duguetia,Duguetia panamensis,0.724118,0.564953
0.552333,genus,pantree,dussat,Dussia,Dussia atropurpurea,0.552333,0.678168
0.563,species,pantree,dussma,Dussia,Dussia macroprophyllata,0.552333,0.678168
0.552333,genus,pantree,duss1,Dussia,Dussia sp.1,0.552333,0.678168
0.552333,genus,pantree,duss2,Dussia,Dussia sp.2,0.552333,0.678168
0.552333,genus,pantree,duss3,Dussia,Dussia sp.3,0.552333,0.678168
0.552333,genus,pantree,duss4,Dussia,Dussia sp.4,0.552333,0.678168
0.552333,genus,pantree,duss5,Dussia,Dussia sp.5,0.552333,0.678168
0.552333,genus,pantree,duss6,Dussia,Dussia sp.6,0.552333,0.678168
0.552333,genus,pantree,dusste,Dussia,Dussia tessmannii,0.552333,0.678168
0.655327,family,pantree,dystpa,Dystovomita,Dystovomita paniculata,NA,0.655327
0.58,species,pantree,ecclla,Ecclinusa,Ecclinusa lanceolata,0.6691,0.703375
0.635113,family,pantree,ela1au,Elaeagia,Elaeagia auriculata,NA,0.635113
0.635113,family,pantree,ela1ni,Elaeagia,Elaeagia nitidifolia,NA,0.635113
0.568511,family,pantree,elaeol,Elaeis,Elaeis oleifera,NA,0.568511
0.703375,family,pantree,ela21,Elaeoluma,Elaeoluma sp.1,NA,0.703375
0.503909,genus,pantree,endlbr,Endlicheria,Endlicheria browniana,0.503909,0.558537
0.401,species,pantree,entecy,Enterolobium,Enterolobium cyclocarpum,0.523156,0.678168
0.698917,species,pantree,entesc,Enterolobium,Enterolobium schomburgkii,0.523156,0.678168
NA,NA,pantree,erblod,Erblichia,Erblichia odorata,NA,NA
0.5358,genus,pantree,erisbl,Erisma,Erisma blancoa,0.5358,0.551652
0.287567,genus,pantree,ery1co,Erythrina,Erythrina costaricensis,0.287567,0.678168
0.287567,genus,pantree,ery1fu,Erythrina,Erythrina fusca,0.287567,0.678168
0.287567,genus,pantree,ery1po,Erythrina,Erythrina poeppigiana,0.287567,0.678168
0.287567,genus,pantree,ery1ru,Erythrina,Erythrina rubrinervia,0.287567,0.678168
0.71,species,pantree,ery2ci,Erythroxylum,Erythroxylum citrifolium,0.720481,0.721107
0.71,species,pantree,ery2ma,Erythroxylum,Erythroxylum macrophyllum,0.720481,0.721107
0.720481,genus,pantree,ery2pa,Erythroxylum,Erythroxylum panamense,0.720481,0.721107
0.828119,genus,pantree,escham,Eschweilera,Eschweilera amplexifolia,0.828119,0.696332
0.828119,genus,pantree,eschca,Eschweilera,Eschweilera calyculata,0.828119,0.696332
0.828119,genus,pantree,eschja,Eschweilera,Eschweilera jacquelyniae,0.828119,0.696332
0.828119,genus,pantree,eschpa,Eschweilera,Eschweilera panamensis,0.828119,0.696332
0.86,species,pantree,eschpi,Eschweilera,Eschweilera pittieri,0.828119,0.696332
0.828119,genus,pantree,eschse,Eschweilera,Eschweilera sessilis,0.828119,0.696332
0.828119,genus,pantree,esch3,Eschweilera,Eschweilera sp.3,0.828119,0.696332
0.828119,genus,pantree,esch6,Eschweilera,Eschweilera sp.6,0.828119,0.696332
0.828119,genus,pantree,esch7,Eschweilera,Eschweilera sp.7,0.828119,0.696332
0.828119,genus,pantree,esch8,Eschweilera,Eschweilera sp.8,0.828119,0.696332
1.0485,genus,pantree,esenpa,Esenbeckia,Esenbeckia panamensis,1.0485,0.639063
0.724176,genus,pantree,eugeau,Eugenia,Eugenia austin-smithii,0.724176,0.767024
0.724176,genus,pantree,eugeco,Eugenia,Eugenia coloradoensis,0.724176,0.767024
0.724176,genus,pantree,eugecr,Eugenia,Eugenia cricamolensis,0.724176,0.767024
0.724176,genus,pantree,eugega,Eugenia,Eugenia galalonensis,0.724176,0.767024
0.724176,genus,pantree,eugene,Eugenia,Eugenia nesiotica,0.724176,0.767024
0.724176,genus,pantree,eugeoc,Eugenia,Eugenia octopleura,0.724176,0.767024
0.724176,genus,pantree,eugeoe,Eugenia,Eugenia oerstediana,0.724176,0.767024
0.724176,genus,pantree,eugepr,Eugenia,Eugenia principium,0.724176,0.767024
0.724176,genus,pantree,euge10,Eugenia,Eugenia sp.10,0.724176,0.767024
0.724176,genus,pantree,euge13,Eugenia,Eugenia sp.13,0.724176,0.767024
0.724176,genus,pantree,euge16,Eugenia,Eugenia sp.16,0.724176,0.767024
0.724176,genus,pantree,euge18,Eugenia,Eugenia sp.18,0.724176,0.767024
0.724176,genus,pantree,euge19,Eugenia,Eugenia sp.19,0.724176,0.767024
0.724176,genus,pantree,euge20,Eugenia,Eugenia sp.20,0.724176,0.767024
0.724176,genus,pantree,euge22,Eugenia,Eugenia sp.22,0.724176,0.767024
0.724176,genus,pantree,euge24,Eugenia,Eugenia sp.24,0.724176,0.767024
0.724176,genus,pantree,euge26,Eugenia,Eugenia sp.26,0.724176,0.767024
0.724176,genus,pantree,euge5,Eugenia,Eugenia sp.5,0.724176,0.767024
0.724176,genus,pantree,euge6,Eugenia,Eugenia sp.6,0.724176,0.767024
0.724176,genus,pantree,euge7,Eugenia,Eugenia sp.7,0.724176,0.767024
0.724176,genus,pantree,euge8,Eugenia,Eugenia sp.8,0.724176,0.767024
0.724176,genus,pantree,euge9,Eugenia,Eugenia sp.9,0.724176,0.767024
0.82,species,pantree,eugeve,Eugenia,Eugenia venezuelensis,0.724176,0.767024
0.509083,family,pantree,euphel,Euphorbia,Euphorbia elata,NA,0.509083
0.387667,species,pantree,eutepr,Euterpe,Euterpe precatoria,0.387667,0.568511
0.939,genus,pantree,exosme,Exostema,Exostema mexicanum,0.939,0.635113
0.587889,genus,pantree,faraeu,Faramea,Faramea eurycarpa,0.587889,0.635113
0.587889,genus,pantree,faraje,Faramea,Faramea jefensis,0.587889,0.635113
0.587889,genus,pantree,faralu,Faramea,Faramea luteovirens,0.587889,0.635113
0.587889,genus,pantree,faramu,Faramea,Faramea multiflora,0.587889,0.635113
0.587889,species,pantree,faraoc,Faramea,Faramea occidentalis,0.587889,0.635113
0.587889,genus,pantree,farap2,Faramea,Faramea papillata,0.587889,0.635113
0.587889,genus,pantree,farap1,Faramea,Faramea papirifolia,0.587889,0.635113
0.587889,genus,pantree,farapa,Faramea,Faramea parvibractea,0.587889,0.635113
0.587889,genus,pantree,fara1,Faramea,Faramea sp.1,0.587889,0.635113
0.587889,genus,pantree,farasu,Faramea,Faramea suerrensis,0.587889,0.635113
0.635113,family,pantree,ferdpa,Ferdinandusa,Ferdinandusa panamensis,NA,0.635113
0.41114,genus,pantree,ficup1,Ficus,Ficus apollinaris,0.41114,0.539787
0.44,species,pantree,ficutr,Ficus,Ficus aurea,0.41114,0.539787
0.459333,species,pantree,ficube,Ficus,Ficus benjamina,0.41114,0.539787
0.41114,genus,pantree,ficubr,Ficus,Ficus brevibracteata,0.41114,0.539787
0.41114,genus,pantree,ficubu,Ficus,Ficus bullenei,0.41114,0.539787
0.4,species,pantree,ficuci,Ficus,Ficus citrifolia,0.41114,0.539787
0.41114,genus,pantree,ficuc1,Ficus,Ficus colubrinae,0.41114,0.539787
0.41114,genus,pantree,ficuc2,Ficus,Ficus costaricana,0.41114,0.539787
0.376556,species,pantree,ficuin,Ficus,Ficus insipida,0.41114,0.539787
0.3605,species,pantree,ficuma,Ficus,Ficus maxima,0.41114,0.539787
0.415,species,pantree,ficuny,Ficus,Ficus nymphaeifolia,0.41114,0.539787
0.41114,genus,pantree,ficuob,Ficus,Ficus obtusifolia,0.41114,0.539787
0.42,species,pantree,ficupe,Ficus,Ficus pertusa,0.41114,0.539787
0.41114,genus,pantree,ficupo,Ficus,Ficus popenoei,0.41114,0.539787
0.41114,genus,pantree,ficu10,Ficus,Ficus sp.10,0.41114,0.539787
0.41114,genus,pantree,ficu11,Ficus,Ficus sp.11,0.41114,0.539787
0.41114,genus,pantree,ficu12,Ficus,Ficus sp.12,0.41114,0.539787
0.41114,genus,pantree,ficu13,Ficus,Ficus sp.13,0.41114,0.539787
0.41114,genus,pantree,ficu3,Ficus,Ficus sp.3,0.41114,0.539787
0.41114,genus,pantree,ficu4,Ficus,Ficus sp.4,0.41114,0.539787
0.41114,genus,pantree,ficu5,Ficus,Ficus sp.5,0.41114,0.539787
0.41114,genus,pantree,ficu6,Ficus,Ficus sp.6,0.41114,0.539787
0.41114,genus,pantree,ficu8,Ficus,Ficus sp.8,0.41114,0.539787
0.41114,genus,pantree,ficu9,Ficus,Ficus sp.9,0.41114,0.539787
0.41114,genus,pantree,ficuto,Ficus,Ficus tonduzii,0.41114,0.539787
0.41114,genus,pantree,ficuyo,Ficus,Ficus yoponensis,0.41114,0.539787
0.678168,family,pantree,fissfe,Fissicalyx,Fissicalyx fendleri,NA,0.678168
0.923,species,pantree,flacja,Flacourtia,Flacourtia jangomas,0.7734,0.56611
0.678168,family,pantree,flemst,Flemingia,Flemingia strobilifera,NA,0.678168
0.58,genus,pantree,frezca,Freziera,Freziera calophylla,0.58,0.558
0.639063,family,pantree,galipa,Galipea,Galipea panamensis,NA,0.639063
0.6625,species,pantree,gar2in,Garcinia,Garcinia intermedia,0.735914,0.655327
0.726667,species,pantree,gar2ma,Garcinia,Garcinia madruno,0.735914,0.655327
0.735914,genus,pantree,gar2m1,Garcinia,Garcinia magnifolia,0.735914,0.655327
0.735914,genus,pantree,gar21,Garcinia,Garcinia sp.1,0.735914,0.655327
0.632074,species,pantree,geniam,Genipa,Genipa americana,0.649783,0.635113
0.649783,genus,pantree,genicu,Genipa,Genipa curviflora,0.649783,0.635113
0.649783,genus,pantree,geniwi,Genipa,Genipa williamsii,0.649783,0.635113
0.568511,family,pantree,geonco,Geonoma,Geonoma congesta,NA,0.568511
0.568511,family,pantree,geoncu,Geonoma,Geonoma cuneata,NA,0.568511
0.568511,family,pantree,geonde,Geonoma,Geonoma deversa,NA,0.568511
0.568511,family,pantree,geonin,Geonoma,Geonoma interrupta,NA,0.568511
0.678168,family,pantree,glirse,Gliricidia,Gliricidia sepium,NA,0.678168
0.648654,family,pantree,gloebl,Gloeospermum,Gloeospermum blakeanum,NA,0.648654
0.648654,family,pantree,gloeen,Gloeospermum,Gloeospermum eneidense,NA,0.648654
0.648654,family,pantree,gloesp,Gloeospermum,Gloeospermum sphaerocarpum,NA,0.648654
0.42975,species,pantree,gmelar,Gmelina,Gmelina arborea,0.463583,0.538969
0.618486,family,pantree,godmae,Godmania,Godmania aesculifolia,NA,0.618486
0.693723,genus,pantree,gonzpa,Gonzalagunia,Gonzalagunia panamensis,0.693723,0.635113
0.693723,genus,pantree,gonzru,Gonzalagunia,Gonzalagunia rudis,0.693723,0.635113
0.693723,genus,pantree,gonz1,Gonzalagunia,Gonzalagunia sp.1,0.693723,0.635113
0.5902,genus,pantree,gordbr,Gordonia,Gordonia brandegeei,0.5902,0.574864
0.5185,species,pantree,laplfr,Gordonia,Gordonia fruticosa,0.5902,0.574864
0.475382,family,pantree,gossba,Gossypium,Gossypium barbadense,NA,0.475382
0.668236,family,pantree,grafga,Graffenrieda,Graffenrieda galeottii,NA,0.668236
0.62,genus,pantree,griaca,Grias,Grias cauliflora,0.62,0.696332
0.5994,genus,pantree,nyc1,Guapira,Guapira campochagres,0.5994,0.514713
0.5994,genus,pantree,guapco,Guapira,Guapira costaricana,0.5994,0.514713
0.5994,genus,pantree,guapst,Guapira,Guapira standleyana,0.5994,0.514713
0.560551,genus,pantree,guar9,Guarea,Guarea arbusto,0.560551,0.555811
0.560551,genus,pantree,guar2,Guarea,Guarea sherman,0.560551,0.555811
0.560551,genus,pantree,guarsp,Guarea,Guarea bullata,0.560551,0.555811
0.477806,species,pantree,guargl,Guarea,Guarea glabra,0.560551,0.555811
0.545,species,pantree,guargr,Guarea,Guarea grandifolia,0.560551,0.555811
0.567514,species,pantree,guargu,Guarea,Guarea guidonia,0.560551,0.555811
0.616167,species,pantree,guarku,Guarea,Guarea kunthiana,0.560551,0.555811
0.560551,genus,pantree,guarma,Guarea,Guarea macropetala,0.560551,0.555811
0.77,species,pantree,guarpt,Guarea,Guarea pterorhachis,0.560551,0.555811
0.560551,genus,pantree,guarrh,Guarea,Guarea rhopalocarpa,0.560551,0.555811
0.560551,genus,pantree,guar1,Guarea,Guarea sp.1,0.560551,0.555811
0.560551,genus,pantree,guar4,Guarea,Guarea sp.4,0.560551,0.555811
0.560551,genus,pantree,guar6,Guarea,Guarea sp.6,0.560551,0.555811
0.560551,genus,pantree,guar8,Guarea,Guarea sp.8,0.560551,0.555811
0.560551,genus,pantree,guarte,Guarea,Guarea ternifoliola,0.560551,0.555811
0.56497,genus,pantree,guatab,Guatteria,Guatteria aberrans,0.56497,0.564953
0.56497,genus,pantree,guata1,Guatteria,Guatteria alata,0.56497,0.564953
0.56497,genus,pantree,guatal,Guatteria,Guatteria allenii,0.56497,0.564953
0.511,species,pantree,guatam,Guatteria,Guatteria amplifolia,0.56497,0.564953
0.56497,genus,pantree,guatin,Guatteria,Guatteria diospyroides,0.56497,0.564953
0.56497,genus,pantree,guatdo,Guatteria,Guatteria dolichopoda,0.56497,0.564953
0.466,species,pantree,guatdu,Guatteria,Guatteria dumetorum,0.56497,0.564953
0.56497,genus,pantree,guatje,Guatteria,Guatteria jefensis,0.56497,0.564953
0.56497,genus,pantree,guatre,Guatteria,Guatteria recurvisepala,0.56497,0.564953
0.56497,genus,pantree,guatse,Guatteria,Guatteria sessilicarpa,0.56497,0.564953
0.56497,genus,pantree,guat5,Guatteria,Guatteria sp.5,0.56497,0.564953
0.56497,genus,pantree,guat7,Guatteria,Guatteria sp.7,0.56497,0.564953
0.522209,species,pantree,guazul,Guazuma,Guazuma ulmifolia,0.532829,0.475382
0.725165,genus,pantree,guetcr,Guettarda,Guettarda crispiflora,0.725165,0.635113
0.725165,genus,pantree,guetfo,Guettarda,Guettarda foliacea,0.725165,0.635113
0.725165,genus,pantree,guetod,Guettarda,Guettarda odorata,0.725165,0.635113
0.725165,genus,pantree,guetra,Guettarda,Guettarda ramuliflora,0.725165,0.635113
0.641417,genus,pantree,gustdu,Gustavia,Gustavia dubia,0.641417,0.696332
0.641417,genus,pantree,gustfo,Gustavia,Gustavia fosteri,0.641417,0.696332
0.716,species,pantree,gusthe,Gustavia,Gustavia hexapetala,0.641417,0.696332
0.641417,genus,pantree,gustna,Gustavia,Gustavia nana,0.641417,0.696332
0.641417,genus,pantree,gust1,Gustavia,Gustavia sp.1,0.641417,0.696332
0.58,species,pantree,gustsu,Gustavia,Gustavia superba,0.641417,0.696332
0.37,genus,pantree,gyrada,Gyranthera,Gyranthera darienensis,0.37,0.475382
0.6175,species,pantree,hameax,Hamelia,Hamelia axillaris,0.626833,0.635113
0.763,species,pantree,hamepa,Hamelia,Hamelia patens,0.626833,0.635113
0.245,species,pantree,hampap,Hampea,Hampea appendiculata,0.3175,0.475382
0.3175,genus,pantree,hampmi,Hampea,Hampea micrantha,0.3175,0.475382
0.53,species,pantree,hassfl,Hasseltia,Hasseltia floribunda,0.53,0.56611
0.45,genus,pantree,hedybo,Hedyosmum,Hedyosmum bonplandianum,0.45,0.45
0.45,genus,pantree,hedysc,Hedyosmum,Hedyosmum scaberrimum,0.45,0.45
0.69625,genus,pantree,heisac,Heisteria,Heisteria acuminata,0.69625,0.756
0.64,species,pantree,heisco,Heisteria,Heisteria concinna,0.69625,0.756
0.69625,genus,pantree,heisc1,Heisteria,Heisteria costaricensis,0.69625,0.756
0.643,genus,pantree,hel1to,Helicostylis,Helicostylis tovarensis,0.643,0.539787
0.499,genus,pantree,hel2gu,Helicteres,Helicteres guazumifolia,0.499,0.475382
0.475382,family,pantree,heliam,Heliocarpus,Heliocarpus americanus,NA,0.475382
0.619966,genus,pantree,henrsu,Henriettea,Henriettea succosa,0.619966,0.668236
0.48,genus,pantree,henrfa,Henriettella,Henriettella fascicularis,0.48,0.668236
0.48,genus,pantree,henrtr,Henriettella,Henriettella trachyphylla,0.48,0.668236
0.47,species,pantree,henrtu,Henriettella,Henriettella tuberculosa,0.48,0.668236
0.2795,species,pantree,herndi,Hernandia,Hernandia didymantha,0.295727,0.284467
0.295727,genus,pantree,hernst,Hernandia,Hernandia stenura,0.295727,0.284467
0.475382,family,pantree,herrny,Herrania,Herrania nycterodendron,NA,0.475382
0.475382,family,pantree,herrpu,Herrania,Herrania purpurea,NA,0.475382
0.466625,species,pantree,hevebr,Hevea,Hevea brasiliensis,0.504136,0.509083
0.509083,family,pantree,hyeral,Hieronyma,Hieronyma alchorneoides,NA,0.509083
0.509083,family,pantree,hyerob,Hieronyma,Hieronyma oblonga,NA,0.509083
0.509083,family,pantree,hippma,Hippomane,Hippomane mancinella,NA,0.509083
0.635113,family,pantree,hip1pa,Hippotis,Hippotis panamensis,NA,0.635113
0.781668,genus,pantree,hirtam,Hirtella,Hirtella americana,0.781668,0.78005
0.781668,genus,pantree,hirtgu,Hirtella,Hirtella guatemalensis,0.781668,0.78005
0.781668,genus,pantree,hirtla,Hirtella,Hirtella latifolia,0.781668,0.78005
0.75425,species,pantree,hirtra,Hirtella,Hirtella racemosa,0.781668,0.78005
0.781668,genus,pantree,hirt5,Hirtella,Hirtella sp.5,0.781668,0.78005
0.68275,species,pantree,hirttr,Hirtella,Hirtella triandra,0.781668,0.78005
0.781668,genus,pantree,hirttu,Hirtella,Hirtella tubiflora,0.781668,0.78005
0.793889,species,pantree,homara,Homalium,Homalium racemosum,0.71081,0.56611
0.901333,genus,pantree,hortco,Hortia,Hortia colombiana,0.901333,0.639063
0.667636,genus,pantree,humidi,Humiriastrum,Humiriastrum diguense,0.667636,0.771515
0.367333,species,pantree,huracr,Hura,Hura crepitans,0.368125,0.509083
0.67,genus,pantree,hybade,Hybanthus,Hybanthus denticulatus,0.67,0.648654
0.67,species,pantree,hybapr,Hybanthus,Hybanthus prunifolius,0.67,0.648654
0.791048,species,pantree,hymeco,Hymenaea,Hymenaea courbaril,0.792775,0.678168
0.647118,family,pantree,hymepi,Hymenandra,Hymenandra pittieri,NA,0.647118
0.652778,genus,pantree,hym1me,Hymenolobium,Hymenolobium mesoamericanum,0.652778,0.678168
0.545,family,pantree,hypeto,Hyperbaena,Hyperbaena tonduzii,NA,0.545
0.563969,genus,pantree,ilexgu,Ilex,Ilex guianensis,0.563969,0.563969
0.5125,species,pantree,ingaac,Inga,Inga acrocephala,0.580505,0.678168
0.580505,genus,pantree,ingas1,Inga,Inga acuminata,0.580505,0.678168
0.586111,species,pantree,ingaal,Inga,Inga alba,0.580505,0.678168
0.580505,genus,pantree,ingabe,Inga,Inga bella,0.580505,0.678168
0.592333,species,pantree,ingaca,Inga,Inga capitata,0.580505,0.678168
0.580505,genus,pantree,ingach,Inga,Inga chocoensis,0.580505,0.678168
0.580505,genus,pantree,ingaci,Inga,Inga ciliata,0.580505,0.678168
0.580505,genus,pantree,ingaco,Inga,Inga cocleensis,0.580505,0.678168
0.580505,genus,pantree,ingadw,Inga,Inga dwyeri,0.580505,0.678168
0.5874,species,pantree,ingaed,Inga,Inga edulis,0.580505,0.678168
0.580505,genus,pantree,ingafi,Inga,Inga filiformis,0.580505,0.678168
0.580505,genus,pantree,ingago,Inga,Inga goldmanii,0.580505,0.678168
0.580505,genus,pantree,ingaje,Inga,Inga jefensis,0.580505,0.678168
0.653333,species,pantree,ingafa,Inga,Inga laurina,0.580505,0.678168
0.56,species,pantree,ingale,Inga,Inga leiocalycina,0.580505,0.678168
0.5518,species,pantree,ingama,Inga,Inga marginata,0.580505,0.678168
0.580505,genus,pantree,ingamo,Inga,Inga mortoniana,0.580505,0.678168
0.580505,genus,pantree,ingam1,Inga,Inga mucuna,0.580505,0.678168
0.580505,genus,pantree,ingam2,Inga,Inga multijuga,0.580505,0.678168
0.56,species,pantree,ingaqu,Inga,Inga nobilis,0.580505,0.678168
0.425,species,pantree,ingami,Inga,Inga oerstediana,0.580505,0.678168
0.580505,genus,pantree,ingapa,Inga,Inga pauciflora,0.580505,0.678168
0.6065,species,pantree,ingape,Inga,Inga pezizifera,0.580505,0.678168
0.580505,genus,pantree,ingap1,Inga,Inga polita,0.580505,0.678168
0.580505,genus,pantree,ingapo,Inga,Inga portobellensis,0.580505,0.678168
0.56,species,pantree,ingapu,Inga,Inga punctata,0.580505,0.678168
0.580505,genus,pantree,ingaru,Inga,Inga ruiziana,0.580505,0.678168
0.580505,genus,pantree,ingasa,Inga,Inga sapindoides,0.580505,0.678168
0.65,species,pantree,ingase,Inga,Inga sertulifera,0.580505,0.678168
0.580505,genus,pantree,ingasi,Inga,Inga sierrae,0.580505,0.678168
0.580505,genus,pantree,inga11,Inga,Inga sp.11,0.580505,0.678168
0.580505,genus,pantree,inga15,Inga,Inga sp.15,0.580505,0.678168
0.580505,genus,pantree,inga18,Inga,Inga sp.18,0.580505,0.678168
0.580505,genus,pantree,inga24,Inga,Inga sp.24,0.580505,0.678168
0.580505,genus,pantree,inga31,Inga,Inga sp.31,0.580505,0.678168
0.580505,genus,pantree,inga32,Inga,Inga sp.32,0.580505,0.678168
0.580505,genus,pantree,inga6,Inga,Inga sp.6,0.580505,0.678168
0.580505,genus,pantree,inga7,Inga,Inga sp.7,0.580505,0.678168
0.580505,genus,pantree,inga8,Inga,Inga sp.8,0.580505,0.678168
0.580505,genus,pantree,ingasp,Inga,Inga spectabilis,0.580505,0.678168
0.580505,genus,pantree,ingath,Inga,Inga thibaudiana,0.580505,0.678168
0.724,species,pantree,ingaum,Inga,Inga umbellifera,0.580505,0.678168
0.580505,genus,pantree,ingaur,Inga,Inga urceolata,0.580505,0.678168
0.580505,genus,pantree,ingav1,Inga,Inga venusta,0.580505,0.678168
0.58,species,pantree,ingave,Inga,Inga vera,0.580505,0.678168
0.267,species,pantree,iriade,Iriartea,Iriartea deltoidea,0.267,0.568511
0.633333,species,pantree,iryaju,Iryanthera,Iryanthera juruensis,0.597423,0.505312
0.635113,family,pantree,iserha,Isertia,Isertia haenkeana,NA,0.635113
0.635113,family,pantree,iserla,Isertia,Isertia laevis,NA,0.635113
0.775,genus,pantree,ixorfl,Ixora,Ixora floribunda,0.775,0.635113
0.413321,genus,pantree,jac1ca,Jacaranda,Jacaranda caucana,0.413321,0.618486
0.350667,species,pantree,jac1co,Jacaranda,Jacaranda copaia,0.413321,0.618486
0.265,genus,pantree,jac2co,Jacaratia,Jacaratia costaricensis,0.265,0.22625
0.265,genus,pantree,jac2sp,Jacaratia,Jacaratia spinosa,0.265,0.22625
0.509083,family,pantree,jatrcu,Jatropha,Jatropha curcas,NA,0.509083
0.509083,family,pantree,jatrgo,Jatropha,Jatropha gossypiifolia,NA,0.509083
0.564953,family,pantree,creman,Klarobelia,Klarobelia anomala,NA,0.564953
0.668,genus,pantree,koanwe,Koanophyllon,Koanophyllon wetmorei,0.668,0.630596
0.5055,species,pantree,laciag,Lacistema,Lacistema aggregatum,0.509333,0.509333
0.4715,species,pantree,lacmpa,Lacmellea,Lacmellea panamensis,0.5048,0.566004
0.5048,genus,pantree,lacmsp,Lacmellea,Lacmellea speciosa,0.5048,0.566004
0.49,genus,pantree,ladebr,Ladenbergia,Ladenbergia brenesii,0.49,0.635113
0.49,genus,pantree,ladema,Ladenbergia,Ladenbergia macrocarpa,0.49,0.635113
0.647255,species,pantree,laetpr,Laetia,Laetia procera,0.639988,0.56611
0.66,species,pantree,laetth,Laetia,Laetia thamnia,0.639988,0.56611
0.705,species,pantree,lafopu,Lafoensia,Lafoensia punicifolia,0.7925,0.584548
0.596905,genus,pantree,lagesp,Lagerstroemia,Lagerstroemia speciosa,0.596905,0.584548
0.600332,family,pantree,lagura,Laguncularia,Laguncularia racemosa,NA,0.600332
0.620324,family,pantree,lantca,Lantana,Lantana camara,NA,0.620324
0.566004,family,pantree,laxote,Laxoplumeria,Laxoplumeria tessmannii,NA,0.566004
0.668236,family,pantree,lean1,Leandra,Leandra roja,NA,0.668236
0.668236,family,pantree,leandi,Leandra,Leandra dichotoma,NA,0.668236
0.668236,family,pantree,leangr,Leandra,Leandra granatensis,NA,0.668236
0.75,species,pantree,lecyam,Lecythis,Lecythis ampla,0.818491,0.696332
0.678168,family,pantree,lennvi,Lennea,Lennea viridiflora,NA,0.678168
0.6,species,pantree,leongl,Leonia,Leonia glycycarpa,0.616667,0.648654
0.809515,genus,pantree,licaaf,Licania,Licania affinis,0.809515,0.78005
0.6275,species,pantree,licaar,Licania,Licania arborea,0.809515,0.78005
0.809515,genus,pantree,licacr,Licania,Licania cruegeriana,0.809515,0.78005
0.809515,genus,pantree,licafa,Licania,Licania fasciculata,0.809515,0.78005
0.9088,species,pantree,licahy,Licania,Licania hypoleuca,0.809515,0.78005
0.809515,genus,pantree,licaka,Licania,Licania kallunkii,0.809515,0.78005
0.809515,genus,pantree,licama,Licania,Licania macrocarpa,0.809515,0.78005
0.809515,genus,pantree,licamo,Licania,Licania morii,0.809515,0.78005
0.62,species,pantree,licapl,Licania,Licania platypus,0.809515,0.78005
0.809515,genus,pantree,lica1,Licania,Licania sp.1,0.809515,0.78005
0.809515,genus,pantree,lica3,Licania,Licania sp.3,0.809515,0.78005
0.808783,genus,pantree,lic1ex,Licaria,Licaria excelsa,0.808783,0.558537
0.7475,species,pantree,lic1gu,Licaria,Licaria guianensis,0.808783,0.558537
0.808783,genus,pantree,lic1mi,Licaria,Licaria misantlae,0.808783,0.558537
0.808783,genus,pantree,lic12,Licaria,Licaria sp.2,0.808783,0.558537
0.56,genus,pantree,lindla,Lindackeria,Lindackeria laurina,0.56,0.605289
0.740872,genus,pantree,loncat,Lonchocarpus,Lonchocarpus atropurpureus,0.740872,0.678168
0.740872,genus,pantree,loncfe,Lonchocarpus,Lonchocarpus ferrugineus,0.740872,0.678168
0.68675,species,pantree,loncla,Lonchocarpus,Lonchocarpus heptaphyllus,0.740872,0.678168
0.740872,genus,pantree,loncol,Lonchocarpus,Lonchocarpus oliganthus,0.740872,0.678168
0.740872,genus,pantree,loncse,Lonchocarpus,Lonchocarpus sericeus,0.740872,0.678168
0.740872,genus,pantree,loncve,Lonchocarpus,Lonchocarpus velutinus,0.740872,0.678168
0.509333,family,pantree,lozapi,Lozania,Lozania pittieri,NA,0.509333
0.417,species,pantree,luehse,Luehea,Luehea seemannii,0.5514,0.475382
0.44,species,pantree,luehsp,Luehea,Luehea speciosa,0.5514,0.475382
0.6075,genus,pantree,lunapi,Lunania,Lunania mexicana,0.6075,0.56611
0.635,species,pantree,lunapa,Lunania,Lunania parviflora,0.6075,0.56611
0.44,genus,pantree,lycima,Lycianthes,Lycianthes maxonii,0.44,0.516194
0.615727,genus,pantree,mabeoc,Mabea,Mabea occidentalis,0.615727,0.509083
0.804767,genus,pantree,machbi,Machaerium,Machaerium biovulatum,0.804767,0.678168
0.791562,species,pantree,maclti,Maclura,Maclura tinctoria,0.784043,0.539787
0.414333,genus,pantree,macosp,Macoubea,Macoubea mesoamericana,0.414333,0.566004
0.45,species,pantree,macrgl,Macrocnemum,Macrocnemum roseum,0.45,0.635113
0.6025,genus,pantree,mac1co,Macrolobium,Macrolobium costaricense,0.6025,0.678168
0.6025,genus,pantree,mac1pi,Macrolobium,Macrolobium pittieri,0.6025,0.678168
0.6025,genus,pantree,mac11,Macrolobium,Macrolobium sp.1,0.6025,0.678168
0.564953,family,pantree,malmdi,Malmea,Malmea dimera,NA,0.564953
0.526667,genus,pantree,malois,Malouetia,Malouetia isthmica,0.526667,0.566004
0.569233,genus,pantree,malpal,Malpighia,Malpighia albiflora,0.569233,0.63709
0.569233,genus,pantree,malpro,Malpighia,Malpighia romeroana,0.569233,0.63709
0.681792,genus,pantree,mammim,Mammea,Mammea immansueta,0.681792,0.655327
0.555828,species,pantree,mangin,Mangifera,Mangifera indica,0.512897,0.557831
0.509083,family,pantree,man1es,Manihot,Manihot esculenta,NA,0.509083
0.872014,species,pantree,manibi,Manilkara,Manilkara bidentata,0.887636,0.703375
0.887636,genus,pantree,manich,Manilkara,Manilkara chicle,0.887636,0.703375
0.887636,genus,pantree,mani1,Manilkara,Manilkara sp.1,0.887636,0.703375
0.887636,genus,pantree,mani2,Manilkara,Manilkara sp.2,0.887636,0.703375
0.81,species,pantree,maniza,Manilkara,Manilkara zapota,0.887636,0.703375
0.588,species,pantree,maprgu,Maprounea,Maprounea guianensis,0.588,0.509083
0.766,species,pantree,maquco,Maquira,Maquira guianensis,0.5635,0.539787
0.817294,genus,pantree,marapa,Maranthes,Maranthes panamensis,0.817294,0.78005
0.59636,species,pantree,margno,Margaritaria,Margaritaria nobilis,0.6376,0.610198
0.655327,family,pantree,mar1do,Marila,Marila domingensis,NA,0.655327
0.655327,family,pantree,mar1l1,Marila,Marila lactogena,NA,0.655327
0.655327,family,pantree,mar1la,Marila,Marila laxiflora,NA,0.655327
0.655327,family,pantree,mar1pl,Marila,Marila pluricostata,NA,0.655327
0.743,genus,pantree,mataap,Matayba,Matayba apetala,0.743,0.693076
0.743,genus,pantree,matagl,Matayba,Matayba glaberrima,0.743,0.693076
0.743,genus,pantree,matasc,Matayba,Matayba scrobiculata,0.743,0.693076
0.743,genus,pantree,mata1,Matayba,Matayba sp.1,0.743,0.693076
0.484778,genus,pantree,matibr,Matisia,Matisia bracteolosa,0.484778,0.475382
0.484778,genus,pantree,matiex,Matisia,Matisia exalata,0.484778,0.475382
0.484778,genus,pantree,matije,Matisia,Matisia jefensis,0.484778,0.475382
0.484778,genus,pantree,quarob,Matisia,Matisia obliquifolia,0.484778,0.475382
0.484778,genus,pantree,matisa,Matisia,Matisia sanblasensis,0.484778,0.475382
0.605289,family,pantree,mayngr,Mayna,Mayna grandifolia,NA,0.605289
0.605289,family,pantree,maynod,Mayna,Mayna odorata,NA,0.605289
0.709996,genus,pantree,maytsc,Maytenus,Maytenus schippii,0.709996,0.661201
0.709996,genus,pantree,mayt1,Maytenus,Maytenus sp.1,0.709996,0.661201
0.98,genus,pantree,mel2bi,Melicoccus,Melicoccus bijugatus,0.98,0.693076
0.502842,genus,pantree,meligl,Meliosma,Meliosma glabrata,0.502842,0.502842
0.502842,genus,pantree,meligr,Meliosma,Meliosma grandiflora,0.502842,0.502842
0.502842,genus,pantree,meliid,Meliosma,Meliosma idiopoda,0.502842,0.502842
0.502842,genus,pantree,melioc,Meliosma,Meliosma occidentalis,0.502842,0.502842
0.618877,genus,pantree,micoaf,Miconia,Miconia affinis,0.618877,0.668236
0.589,species,pantree,micoar,Miconia,Miconia argentea,0.618877,0.668236
0.618877,genus,pantree,micoce,Miconia,Miconia centronioides,0.618877,0.668236
0.618877,genus,pantree,micoc1,Miconia,Miconia centrosperma,0.618877,0.668236
0.618877,genus,pantree,micoch,Miconia,Miconia chrysophylla,0.618877,0.668236
0.618877,genus,pantree,micod1,Miconia,Miconia dodecandra,0.618877,0.668236
0.618877,genus,pantree,micod2,Miconia,Miconia donaeana,0.618877,0.668236
0.618877,genus,pantree,micodo,Miconia,Miconia dorsiloba,0.618877,0.668236
0.47,species,pantree,micoel,Miconia,Miconia elata,0.618877,0.668236
0.618877,genus,pantree,micoho,Miconia,Miconia hondurensis,0.618877,0.668236
0.747025,species,pantree,micoim,Miconia,Miconia impetiolaris,0.618877,0.668236
0.618877,genus,pantree,micola,Miconia,Miconia lacera,0.618877,0.668236
0.618877,genus,pantree,micoli,Miconia,Miconia ligulata,0.618877,0.668236
0.618877,genus,pantree,micobo,Miconia,Miconia minutiflora,0.618877,0.668236
0.618877,genus,pantree,micomu,Miconia,Miconia multispicata,0.618877,0.668236
0.618877,genus,pantree,micone,Miconia,Miconia nervosa,0.618877,0.668236
0.618877,genus,pantree,micooi,Miconia,Miconia oinochrophylla,0.618877,0.668236
0.618877,genus,pantree,micopi,Miconia,Miconia pileata,0.618877,0.668236
0.596667,species,pantree,micopo,Miconia,Miconia poeppigii,0.618877,0.668236
0.688234,species,pantree,micopr,Miconia,Miconia prasina,0.618877,0.668236
0.618877,genus,pantree,micopu,Miconia,Miconia punctata,0.618877,0.668236
0.62,species,pantree,micore,Miconia,Miconia reducens,0.618877,0.668236
0.618877,genus,pantree,micoru,Miconia,Miconia rubiginosa,0.618877,0.668236
0.618877,genus,pantree,micose,Miconia,Miconia serrulata,0.618877,0.668236
0.618877,genus,pantree,micosi,Miconia,Miconia simplex,0.618877,0.668236
0.618877,genus,pantree,mico10,Miconia,Miconia sp.10,0.618877,0.668236
0.618877,genus,pantree,mico14,Miconia,Miconia sp.14,0.618877,0.668236
0.618877,genus,pantree,mico3,Miconia,Miconia sp.3,0.618877,0.668236
0.618877,genus,pantree,mico5,Miconia,Miconia sp.5,0.618877,0.668236
0.618877,genus,pantree,mico9,Miconia,Miconia sp.9,0.618877,0.668236
0.618877,genus,pantree,micost,Miconia,Miconia stenostachya,0.618877,0.668236
0.62,species,pantree,micotr,Miconia,Miconia trinervia,0.618877,0.668236
0.618877,genus,pantree,micoum,Miconia,Miconia umbriensis,0.618877,0.668236
0.657273,species,pantree,micrgu,Micropholis,Micropholis guyanensis,0.653069,0.703375
0.53,species,pantree,micrme,Micropholis,Micropholis melinoniana,0.653069,0.703375
0.67,species,pantree,micrve,Micropholis,Micropholis venulosa,0.653069,0.703375
0.8235,genus,pantree,mimote,Mimosa,Mimosa tenuiflora,0.8235,0.678168
0.703375,family,pantree,mimuel,Mimusops,Mimusops elengi,NA,0.703375
0.786714,species,pantree,minqgu,Minquartia,Minquartia guianensis,0.786714,0.757515
0.588474,family,pantree,mollda,Mollinedia,Mollinedia darienensis,NA,0.588474
0.588474,family,pantree,mollpi,Mollinedia,Mollinedia pinchotiana,NA,0.588474
0.583,family,pantree,myr1me,Morella,Morella cerifera,NA,0.583
0.558,genus,pantree,morici,Morinda,Morinda citrifolia,0.558,0.635113
0.558,genus,pantree,moripa,Morinda,Morinda panamensis,0.558,0.635113
0.51,genus,pantree,mortan,Mortoniodendron,Mortoniodendron anisophyllum,0.51,0.475382
0.51,genus,pantree,mort1,Mortoniodendron,Mortoniodendron sp.1,0.51,0.475382
0.564953,family,pantree,malmsp,Mosannona,Mosannona garwoodii,NA,0.564953
0.557831,family,pantree,mosqja,Mosquitoxylum,Mosquitoxylum jamaicense,NA,0.557831
0.833636,genus,pantree,mourgl,Mouriri,Mouriri gleasoniana,0.833636,0.668236
0.833636,genus,pantree,mourmy,Mouriri,Mouriri myrtilloides,0.833636,0.668236
0.833636,genus,pantree,mourpa,Mouriri,Mouriri panamensis,0.833636,0.668236
0.475382,family,pantree,muntca,Muntingia,Muntingia calabura,NA,0.475382
0.814458,genus,pantree,myrcfo,Myrcia,Myrcia fosteri,0.814458,0.767024
0.814458,genus,pantree,myrcga,Myrcia,Myrcia gatunensis,0.814458,0.767024
0.814458,genus,pantree,myrc4,Myrcia,Myrcia sp.4,0.814458,0.767024
0.814458,genus,pantree,myrc5,Myrcia,Myrcia sp.5,0.814458,0.767024
0.814458,genus,pantree,myrc6,Myrcia,Myrcia sp.6,0.814458,0.767024
0.76777,species,pantree,myrcsp,Myrcia,Myrcia splendens,0.814458,0.767024
0.785,species,pantree,myr2fl,Myrciaria,Myrciaria floribunda,0.7,0.767024
0.7,genus,pantree,myr21,Myrciaria,Myrciaria sp.1,0.7,0.767024
0.7,genus,pantree,myr22,Myrciaria,Myrciaria sp.2,0.7,0.767024
0.343615,family,pantree,myrilo,Myriocarpa,Myriocarpa longipes,NA,0.343615
0.83,species,pantree,myrofr,Myrospermum,Myrospermum frutescens,0.83,0.678168
0.643556,species,pantree,myrsco,Myrsine,Myrsine coriacea,0.734405,0.647118
0.734405,genus,pantree,myrs1,Myrsine,Myrsine sp.1,0.734405,0.647118
0.6505,genus,pantree,naucca,Naucleopsis,Naucleopsis capirensis,0.6505,0.539787
0.6505,genus,pantree,naucna,Naucleopsis,Naucleopsis naga,0.6505,0.539787
0.6505,genus,pantree,naucst,Naucleopsis,Naucleopsis straminea,0.6505,0.539787
0.67,species,pantree,naucul,Naucleopsis,Naucleopsis ulei,0.6505,0.539787
0.57169,genus,pantree,nects1,Nectandra,Nectandra fuzzy,0.57169,0.558537
0.57169,genus,pantree,nectbi,Nectandra,Nectandra bicolor,0.57169,0.558537
0.59,species,pantree,nectci,Nectandra,Nectandra cissiflora,0.57169,0.558537
0.518,species,pantree,nectcu,Nectandra,Nectandra cuspidata,0.57169,0.558537
0.57169,genus,pantree,nectgl,Nectandra,Nectandra lineata,0.57169,0.558537
0.57169,genus,pantree,nectma,Nectandra,Nectandra martinicensis,0.57169,0.558537
0.431,species,pantree,nectpu,Nectandra,Nectandra purpurea,0.57169,0.558537
0.57169,genus,pantree,nect11,Nectandra,Nectandra sp.11,0.57169,0.558537
0.57169,genus,pantree,nect12,Nectandra,Nectandra sp.12,0.57169,0.558537
0.57169,genus,pantree,nect3,Nectandra,Nectandra sp.3,0.57169,0.558537
0.57169,genus,pantree,nects3,Nectandra,Nectandra sp.4_(tiny_leaf),0.57169,0.558537
0.57169,genus,pantree,nect9,Nectandra,Nectandra sp.9,0.57169,0.558537
0.57169,genus,pantree,nectum,Nectandra,Nectandra umbrosa,0.57169,0.558537
0.629889,genus,pantree,neea6,Neea,Neea roja,0.629889,0.514713
0.629889,genus,pantree,neeaam,Neea,Neea amplifolia,0.629889,0.514713
0.629889,genus,pantree,neeade,Neea,Neea delicatula,0.629889,0.514713
0.629889,genus,pantree,neea1,Neea,Neea sp.1,0.629889,0.514713
0.629889,genus,pantree,neea2,Neea,Neea sp.2,0.629889,0.514713
0.629889,genus,pantree,neea3,Neea,Neea sp.3,0.629889,0.514713
0.629889,genus,pantree,neea4,Neea,Neea sp.4,0.629889,0.514713
0.629889,genus,pantree,neea7,Neea,Neea sp.7,0.629889,0.514713
0.158128,species,pantree,ochrpy,Ochroma,Ochroma pyramidale,0.161995,0.475382
0.525773,genus,pantree,ocotar,Ocotea,Ocotea arcuata,0.525773,0.558537
0.48,species,pantree,ocotpa,Ocotea,Ocotea atirrensis,0.525773,0.558537
0.4535,species,pantree,ocotce,Ocotea,Ocotea cernua,0.525773,0.558537
0.53,species,pantree,ocotde,Ocotea,Ocotea dendrodaphne,0.525773,0.558537
0.525773,genus,pantree,ocoten,Ocotea,Ocotea endresiana,0.525773,0.558537
0.525773,genus,pantree,ocotha,Ocotea,Ocotea hartshorniana,0.525773,0.558537
0.525773,genus,pantree,ocothe,Ocotea,Ocotea helicterifolia,0.525773,0.558537
0.525773,genus,pantree,ocotir,Ocotea,Ocotea insularis,0.525773,0.558537
0.525773,genus,pantree,ocotjo,Ocotea,Ocotea jorge-escobarii,0.525773,0.558537
0.46175,species,pantree,ocotle,Ocotea,Ocotea leucoxylon,0.525773,0.558537
0.525773,genus,pantree,ocotme,Ocotea,Ocotea meziana,0.525773,0.558537
0.3855,species,pantree,ocotob,Ocotea,Ocotea oblonga,0.525773,0.558537
0.4325,species,pantree,ocotpu,Ocotea,Ocotea puberula,0.525773,0.558537
0.525773,genus,pantree,ocotru,Ocotea,Ocotea rubrinervis,0.525773,0.558537
0.525773,genus,pantree,ocot13,Ocotea,Ocotea sp.13,0.525773,0.558537
0.525773,genus,pantree,ocot14,Ocotea,Ocotea sp.14,0.525773,0.558537
0.525773,genus,pantree,ocot17,Ocotea,Ocotea sp.17,0.525773,0.558537
0.525773,genus,pantree,ocot18,Ocotea,Ocotea sp.18,0.525773,0.558537
0.525773,genus,pantree,ocot19,Ocotea,Ocotea sp.19,0.525773,0.558537
0.525773,genus,pantree,ocot5,Ocotea,Ocotea sp.5,0.525773,0.558537
0.525773,genus,pantree,ocot6,Ocotea,Ocotea sp.6,0.525773,0.558537
0.525773,genus,pantree,ocot7,Ocotea,Ocotea sp.7,0.525773,0.558537
0.525773,genus,pantree,ocot8,Ocotea,Ocotea sp.8,0.525773,0.558537
0.525773,genus,pantree,ocot9,Ocotea,Ocotea sp.9,0.525773,0.558537
0.525773,genus,pantree,ocotto,Ocotea,Ocotea tonduzii,0.525773,0.558537
0.735,species,pantree,ocotve,Ocotea,Ocotea veraguensis,0.525773,0.558537
0.525773,genus,pantree,ocotwh,Ocotea,Ocotea whitei,0.525773,0.558537
0.6815,genus,pantree,oenoba,Oenocarpus,Oenocarpus bataua,0.6815,0.568511
0.713,species,pantree,oenoma,Oenocarpus,Oenocarpus mapora,0.6815,0.568511
NA,NA,pantree,opunel,Opuntia,Opuntia elatior,NA,NA
0.52,genus,pantree,oreoca,Oreopanax,Oreopanax capitatus,0.52,0.428823
0.52,genus,pantree,oreo2,Oreopanax,Oreopanax sp.2,0.52,0.428823
0.588616,genus,pantree,ormoam,Ormosia,Ormosia amazonica,0.588616,0.678168
0.625,species,pantree,ormocr,Ormosia,Ormosia coccinea,0.588616,0.678168
0.588616,genus,pantree,ormoma,Ormosia,Ormosia macrocalyx,0.588616,0.678168
0.668236,family,pantree,ossasp,Ossaea,Ossaea spicata,NA,0.668236
0.465857,species,pantree,ostepl,Osteophloeum,Osteophloeum platyspermum,0.465857,0.505312
0.408929,genus,pantree,otobac,Otoba,Otoba acuminata,0.408929,0.505312
0.408929,genus,pantree,otobla,Otoba,Otoba latialata,0.408929,0.505312
0.35,species,pantree,otobno,Otoba,Otoba novogranatensis,0.408929,0.505312
0.425833,species,pantree,otobpa,Otoba,Otoba parvifolia,0.408929,0.505312
0.727,genus,pantree,ourakn,Ouratea,Ouratea knappiae,0.727,0.777205
0.727,genus,pantree,ouralu,Ouratea,Ouratea lucens,0.727,0.777205
0.727,genus,pantree,ouraco,Ouratea,Ouratea prominens,0.727,0.777205
0.727,genus,pantree,ourasu,Ouratea,Ouratea sulcatinervia,0.727,0.777205
0.727981,genus,pantree,oxanlo,Oxandra,Oxandra longipetala,0.727981,0.564953
0.727981,genus,pantree,oxanpa,Oxandra,Oxandra panamensis,0.727981,0.564953
0.727981,genus,pantree,oxanve,Oxandra,Oxandra venezuelana,0.727981,0.564953
0.376667,species,pantree,pochaq,Pachira,Pachira aquatica,0.439,0.475382
0.415,species,pantree,pochqu,Pachira,Pachira quinata,0.439,0.475382
0.42,species,pantree,pochse,Pachira,Pachira sessilis,0.439,0.475382
0.54,species,pantree,paligu,Palicourea,Palicourea guianensis,0.52667,0.635113
0.52667,genus,pantree,palitr,Palicourea,Palicourea triphylla,0.52667,0.635113
0.509,genus,pantree,panosu,Panopsis,Panopsis suaveolens,0.509,0.633844
0.62,genus,pantree,par2am,Parathesis,Parathesis amplifolia,0.62,0.647118
0.62,genus,pantree,par21,Parathesis,Parathesis sp.1,0.62,0.647118
0.701764,genus,pantree,parich,Parinari,Parinari chocoensis,0.701764,0.78005
0.383,species,pantree,parkni,Parkia,Parkia nitida,0.451791,0.678168
0.678168,family,pantree,par1ac,Parkinsonia,Parkinsonia aculeata,NA,0.678168
0.618486,family,pantree,parmce,Parmentiera,Parmentiera cereifera,NA,0.618486
0.618486,family,pantree,parmma,Parmentiera,Parmentiera macrophylla,NA,0.618486
0.475382,family,pantree,lopida,Pavonia,Pavonia dasypetala,NA,0.475382
NA,NA,pantree,pellrh,Pelliciera,Pelliciera rhizophorae,NA,NA
0.635113,family,pantree,pentco,Pentagonia,Pentagonia costaricensis,NA,0.635113
0.635113,family,pantree,pentgy,Pentagonia,Pentagonia gymnopoda,NA,0.635113
0.635113,family,pantree,pentma,Pentagonia,Pentagonia macrophylla,NA,0.635113
0.635113,family,pantree,pentpa,Pentagonia,Pentagonia parvifolia,NA,0.635113
0.73,species,pantree,peraar,Pera,Pera arborea,0.646889,0.509083
0.646889,genus,pantree,peraop,Pera,Pera oppositifolia,0.646889,0.509083
0.517,species,pantree,perean,Perebea,Perebea angustifolia,0.487833,0.539787
0.56,species,pantree,peregu,Perebea,Perebea guianensis,0.487833,0.539787
0.487833,genus,pantree,pere1,Perebea,Perebea sp.1,0.487833,0.539787
0.56,species,pantree,perexa,Perebea,Perebea xanthochyma,0.487833,0.539787
NA,NA,pantree,per1bl,Pereskia,Pereskia bleo,NA,NA
0.514821,genus,pantree,persam,Persea,Persea americana,0.514821,0.558537
0.7374,genus,pantree,photmi,Photinia,Photinia microcarpa,0.7374,0.618609
0.617778,genus,pantree,phylac,Phyllanthus,Phyllanthus acuminatus,0.617778,0.610198
0.568511,family,pantree,phytse,Phytelephas,Phytelephas seemannii,NA,0.568511
NA,NA,pantree,picrla,Picramnia,Picramnia latifolia,NA,NA
NA,NA,pantree,picr1,Picramnia,Picramnia sp.1,NA,NA
0.446,genus,pantree,pinuca,Pinus,Pinus caribaea,0.446,0.428
0.4,species,pantree,pipead,Piper,Piper aduncum,0.382514,0.382514
0.382514,genus,pantree,pipeae,Piper,Piper aequale,0.382514,0.382514
0.401667,species,pantree,pipeam,Piper,Piper amalago,0.382514,0.382514
0.382514,genus,pantree,pipea1,Piper,Piper arboreum,0.382514,0.382514
0.382514,genus,pantree,pipea4,Piper,Piper augustum,0.382514,0.382514
0.382514,genus,pantree,pipeau,Piper,Piper auritum,0.382514,0.382514
0.382514,genus,pantree,pipecu,Piper,Piper colonense,0.382514,0.382514
0.382514,genus,pantree,pipeco,Piper,Piper cordulatum,0.382514,0.382514
0.382514,genus,pantree,pipefi,Piper,Piper fimbriulatum,0.382514,0.382514
0.382514,genus,pantree,pipegr,Piper,Piper grande,0.382514,0.382514
0.382514,genus,pantree,pipeh2,Piper,Piper hirtellipetiolum,0.382514,0.382514
0.392696,species,pantree,pipehi,Piper,Piper hispidum,0.382514,0.382514
0.382514,genus,pantree,pipeim,Piper,Piper imperialis,0.382514,0.382514
0.382514,genus,pantree,pipelo,Piper,Piper longispicum,0.382514,0.382514
0.382514,genus,pantree,pipema,Piper,Piper marginatum,0.382514,0.382514
0.382514,genus,pantree,pipepe,Piper,Piper perlasense,0.382514,0.382514
0.382514,genus,pantree,pipeph,Piper,Piper phytolaccifolium,0.382514,0.382514
0.33,species,pantree,pipere,Piper,Piper reticulatum,0.382514,0.382514
0.382514,genus,pantree,pipesa,Piper,Piper sancti-felicis,0.382514,0.382514
0.382514,genus,pantree,pipeca,Piper,Piper schiedeanum,0.382514,0.382514
0.382514,genus,pantree,pipe5,Piper,Piper sp.5,0.382514,0.382514
0.382514,genus,pantree,pipe6,Piper,Piper sp.6,0.382514,0.382514
0.382514,genus,pantree,pipe7,Piper,Piper sp.7,0.382514,0.382514
0.382514,genus,pantree,pipe8,Piper,Piper sp.8,0.382514,0.382514
0.556773,genus,pantree,pit1hy,Pithecellobium,Pithecellobium hymenaeifolium,0.556773,0.678168
0.556773,genus,pantree,pit1la,Pithecellobium,Pithecellobium lanceolatum,0.556773,0.678168
0.556773,genus,pantree,pit1un,Pithecellobium,Pithecellobium unguis-cati,0.556773,0.678168
0.635113,family,pantree,antitr,Pittoniotis,Pittoniotis trichantha,NA,0.635113
0.72125,species,pantree,pla1pi,Platymiscium,Platymiscium pinnatum,0.784048,0.678168
0.80575,species,pantree,pla2el,Platypodium,Platypodium elegans,0.80575,0.678168
0.68,species,pantree,ple1li,Pleuranthodendron,Pleuranthodendron lindenii,0.68,0.56611
0.47,genus,pantree,pleura,Pleurothyrium,Pleurothyrium racemosum,0.47,0.558537
0.47,genus,pantree,pleu2,Pleurothyrium,Pleurothyrium sp.2_(hoja_grande),0.47,0.558537
0.95,genus,pantree,plinpo,Plinia,Plinia povedae,0.95,0.767024
0.566004,family,pantree,plumac,Plumeria,Plumeria rubra,NA,0.566004
0.477576,genus,pantree,podogu,Podocarpus,Podocarpus guatemalensis,0.477576,0.489556
0.453333,species,pantree,podool,Podocarpus,Podocarpus oleifolius,0.477576,0.489556
0.635113,family,pantree,pogosp,Pogonopus,Pogonopus exsertus,NA,0.635113
0.630596,family,pantree,polldi,Pollalesta,Pollalesta discolor,NA,0.630596
0.569667,species,pantree,posola,Posoqueria,Posoqueria latifolia,0.553167,0.635113
0.553167,genus,pantree,posoma,Posoqueria,Posoqueria maxima,0.553167,0.635113
0.553167,genus,pantree,poso1,Posoqueria,Posoqueria sp.1_(hojas_chicas),0.553167,0.635113
0.692667,family,pantree,potaam,Potalia,Potalia amara,NA,0.692667
0.350429,species,pantree,poular,Poulsenia,Poulsenia armata,0.350429,0.539787
0.353167,species,pantree,pourbi,Pourouma,Pourouma bicolor,0.38625,0.343615
0.436,species,pantree,pourmi,Pourouma,Pourouma minor,0.38625,0.343615
0.56,species,pantree,poutbu,Pouteria,Pouteria buenaventurensis,0.714372,0.703375
0.714372,genus,pantree,poutb1,Pouteria,Pouteria bulliformis,0.714372,0.703375
0.714372,genus,pantree,poutc1,Pouteria,Pouteria calistophylla,0.714372,0.703375
0.79,species,pantree,poutca,Pouteria,Pouteria campechiana,0.714372,0.703375
0.714372,genus,pantree,poutco,Pouteria,Pouteria congestifolia,0.714372,0.703375
0.9,species,pantree,poutcu,Pouteria,Pouteria cuspidata,0.714372,0.703375
0.69,species,pantree,poutdu,Pouteria,Pouteria durlandii,0.714372,0.703375
0.714372,genus,pantree,poutfo,Pouteria,Pouteria fossicola,0.714372,0.703375
0.714372,genus,pantree,poutf1,Pouteria,Pouteria foveolata,0.714372,0.703375
0.679,species,pantree,poutgl,Pouteria,Pouteria glomerata,0.714372,0.703375
0.714372,genus,pantree,poutle,Pouteria,Pouteria leptopedicellata,0.714372,0.703375
0.794,species,pantree,poutre,Pouteria,Pouteria reticulata,0.714372,0.703375
0.714372,genus,pantree,poutsa,Pouteria,Pouteria sapota,0.714372,0.703375
0.714372,genus,pantree,poutsy,Pouteria,Pouteria silvestris,0.714372,0.703375
0.714372,genus,pantree,pout10,Pouteria,Pouteria sp.10,0.714372,0.703375
0.714372,genus,pantree,pout17,Pouteria,Pouteria sp.17,0.714372,0.703375
0.714372,genus,pantree,pout18,Pouteria,Pouteria sp.18,0.714372,0.703375
0.714372,genus,pantree,pout20,Pouteria,Pouteria sp.20,0.714372,0.703375
0.714372,genus,pantree,pout21,Pouteria,Pouteria sp.21,0.714372,0.703375
0.714372,genus,pantree,pout23,Pouteria,Pouteria sp.23,0.714372,0.703375
0.714372,genus,pantree,pout27,Pouteria,Pouteria sp.27,0.714372,0.703375
0.714372,genus,pantree,pout28,Pouteria,Pouteria sp.28,0.714372,0.703375
0.714372,genus,pantree,pout3,Pouteria,Pouteria sp.3,0.714372,0.703375
0.714372,genus,pantree,pout30,Pouteria,Pouteria sp.30,0.714372,0.703375
0.714372,genus,pantree,pout4,Pouteria,Pouteria sp.4,0.714372,0.703375
0.714372,genus,pantree,pout7,Pouteria,Pouteria sp.7,0.714372,0.703375
0.714372,genus,pantree,pout8,Pouteria,Pouteria sp.8,0.714372,0.703375
0.714372,genus,pantree,pout9,Pouteria,Pouteria sp.9,0.714372,0.703375
0.714372,genus,pantree,poutst,Pouteria,Pouteria stipitata,0.714372,0.703375
0.7685,species,pantree,poutto,Pouteria,Pouteria torta,0.714372,0.703375
0.25,species,pantree,presde,Prestoea,Prestoea decurrens,0.279657,0.568511
0.413571,species,pantree,pri2co,Prioria,Prioria copaifera,0.441682,0.678168
0.58,species,pantree,proccr,Prockia,Prockia crucis,0.496,0.56611
0.678168,family,pantree,prosju,Prosopis,Prosopis juliflora,NA,0.678168
0.575724,genus,pantree,protsp,Protium,Protium confusum,0.575724,0.521651
0.575724,genus,pantree,protco,Protium,Protium costaricense,0.575724,0.521651
0.575724,genus,pantree,protgl,Protium,Protium glabrum,0.575724,0.521651
0.452333,species,pantree,protpa,Protium,Protium panamense,0.575724,0.521651
0.56975,species,pantree,protte,Protium,Protium tenuifolium,0.575724,0.521651
0.685,species,pantree,prottr,Protium,Protium trifoliolatum,0.575724,0.521651
0.693076,family,pantree,pse3fr,Pseudima,Pseudima frutescens,NA,0.693076
0.211667,species,pantree,pse1se,Pseudobombax,Pseudobombax septenatum,0.272273,0.475382
0.629,species,pantree,pse2la,Pseudolmedia,Pseudolmedia laevigata,0.642731,0.539787
0.675,species,pantree,pse2sp,Pseudolmedia,Pseudolmedia spuria,0.642731,0.539787
0.678168,family,pantree,albigu,Pseudosamanea,Pseudosamanea guachapele,NA,0.678168
0.810091,genus,pantree,psidfr,Psidium,Psidium friedrichsthalianum,0.810091,0.767024
0.810091,genus,pantree,psidgu,Psidium,Psidium guajava,0.810091,0.767024
0.493655,genus,pantree,psycac,Psychotria,Psychotria acuminata,0.493655,0.635113
0.493655,genus,pantree,psycal,Psychotria,Psychotria allenii,0.493655,0.635113
0.376259,species,pantree,psycb1,Psychotria,Psychotria brachiata,0.493655,0.635113
0.493655,genus,pantree,psycb2,Psychotria,Psychotria brachybotrya,0.493655,0.635113
0.493655,genus,pantree,psycca,Psychotria,Psychotria calophylla,0.493655,0.635113
0.493655,genus,pantree,psycc1,Psychotria,Psychotria capitata,0.493655,0.635113
0.493655,genus,pantree,psycch,Psychotria,Psychotria chagrensis,0.493655,0.635113
0.493655,genus,pantree,psycci,Psychotria,Psychotria cincta,0.493655,0.635113
0.480397,species,pantree,psycde,Psychotria,Psychotria deflexa,0.493655,0.635113
0.493655,genus,pantree,psycel,Psychotria,Psychotria elata,0.493655,0.635113
0.493655,genus,pantree,psycer,Psychotria,Psychotria erecta,0.493655,0.635113
0.493655,genus,pantree,psycg1,Psychotria,Psychotria graciliflora,0.493655,0.635113
0.294816,species,pantree,psycg3,Psychotria,Psychotria grandis,0.493655,0.635113
0.493655,genus,pantree,psycfu,Psychotria,Psychotria hoffmannseggiana,0.493655,0.635113
0.493655,genus,pantree,psycho,Psychotria,Psychotria horizontalis,0.493655,0.635113
0.493655,genus,pantree,psycli,Psychotria,Psychotria limonensis,0.493655,0.635113
0.493655,genus,pantree,psyclu,Psychotria,Psychotria luxurians,0.493655,0.635113
0.493655,genus,pantree,psycma,Psychotria,Psychotria marginata,0.493655,0.635113
0.493655,genus,pantree,psycmi,Psychotria,Psychotria micrantha,0.493655,0.635113
0.493655,genus,pantree,psycne,Psychotria,Psychotria nervosa,0.493655,0.635113
0.493655,genus,pantree,psycpa,Psychotria,Psychotria panamensis,0.493655,0.635113
0.493655,genus,pantree,psycpo,Psychotria,Psychotria poeppigiana,0.493655,0.635113
0.493655,genus,pantree,psycps,Psychotria,Psychotria psychotriifolia,0.493655,0.635113
0.493655,genus,pantree,psycpu,Psychotria,Psychotria pubescens,0.493655,0.635113
0.493655,genus,pantree,psycra,Psychotria,Psychotria racemosa,0.493655,0.635113
0.493655,genus,pantree,psycre,Psychotria,Psychotria remota,0.493655,0.635113
0.493655,genus,pantree,psycsa,Psychotria,Psychotria santaritensis,0.493655,0.635113
0.493655,genus,pantree,psyc4,Psychotria,Psychotria sp.4,0.493655,0.635113
0.493655,genus,pantree,psycsu,Psychotria,Psychotria suerrensis,0.493655,0.635113
0.493655,genus,pantree,psycg2,Psychotria,Psychotria tenuifolia,0.493655,0.635113
0.493655,genus,pantree,psycum,Psychotria,Psychotria umbelliformis,0.493655,0.635113
0.580347,genus,pantree,pterac,Pterocarpus,Pterocarpus acapulcensis,0.580347,0.678168
0.379868,species,pantree,pterof,Pterocarpus,Pterocarpus officinalis,0.580347,0.678168
0.449286,species,pantree,pterro,Pterocarpus,Pterocarpus rohrii,0.580347,0.678168
0.580347,genus,pantree,pter2,Pterocarpus,Pterocarpus sp.2,0.580347,0.678168
0.580347,genus,pantree,pter3,Pterocarpus,Pterocarpus sp.3,0.580347,0.678168
0.646811,genus,pantree,qualpo,Qualea,Qualea polychroma,0.646811,0.551652
0.454,species,pantree,quaras,Quararibea,Quararibea asterolepis,0.500629,0.475382
0.500629,genus,pantree,quarpl,Quararibea,Quararibea platyphylla,0.500629,0.475382
0.500629,genus,pantree,quarpt,Quararibea,Quararibea pterocalyx,0.500629,0.475382
0.500629,genus,pantree,quarpu,Quararibea,Quararibea pumila,0.500629,0.475382
0.500629,genus,pantree,quar3,Quararibea,Quararibea sp.3,0.500629,0.475382
0.500629,genus,pantree,quar4,Quararibea,Quararibea sp.4,0.500629,0.475382
0.47,species,pantree,quasam,Quassia,Quassia amara,0.351833,0.421875
0.661201,family,pantree,quetoc,Quetzalia,Quetzalia occidentalis,NA,0.661201
0.8615,genus,pantree,quiisc,Quiina,Quiina schippii,0.8615,0.819889
0.661385,genus,pantree,rand4,Randia,Randia campo_chagres,0.661385,0.635113
0.661385,genus,pantree,randac,Randia,Randia aculeata,0.661385,0.635113
0.668,species,pantree,randar,Randia,Randia armata,0.661385,0.635113
0.661385,genus,pantree,randgr,Randia,Randia grandifolia,0.661385,0.635113
0.661385,genus,pantree,randho,Randia,Randia hondensis,0.661385,0.635113
0.661385,genus,pantree,randla,Randia,Randia lasiantha,0.661385,0.635113
0.661385,genus,pantree,rand2,Randia,Randia sp.2,0.661385,0.635113
0.661385,genus,pantree,rand3,Randia,Randia sp.3,0.661385,0.635113
0.568511,family,pantree,raphta,Raphia,Raphia taedigera,NA,0.568511
0.635113,family,pantree,raripa,Raritebe,Raritebe palicoureoides,NA,0.635113
0.474231,genus,pantree,rauvli,Rauvolfia,Rauvolfia littoralis,0.474231,0.566004
0.474231,genus,pantree,rauvpu,Rauvolfia,Rauvolfia purpurascens,0.474231,0.566004
0.739506,family,pantree,rhizma,Rhizophora,Rhizophora mangle,NA,0.739506
0.509083,family,pantree,ricico,Ricinus,Ricinus communis,NA,0.509083
0.670538,genus,pantree,rinocr,Rinorea,Rinorea crenata,0.670538,0.648654
0.670538,genus,pantree,rinoda,Rinorea,Rinorea dasyadena,0.670538,0.648654
0.670538,genus,pantree,rinohu,Rinorea,Rinorea hummelii,0.670538,0.648654
0.670538,genus,pantree,rinoli,Rinorea,Rinorea lindeniana,0.670538,0.648654
0.670538,genus,pantree,rino2,Rinorea,Rinorea sp.2,0.670538,0.648654
0.670538,genus,pantree,rino3,Rinorea,Rinorea sp.3,0.670538,0.648654
0.670538,genus,pantree,rinosq,Rinorea,Rinorea squamata,0.670538,0.648654
0.670538,genus,pantree,rinosy,Rinorea,Rinorea sylvatica,0.670538,0.648654
0.3604,genus,pantree,rollmu,Rollinia,Rollinia mucosa,0.3604,0.564953
0.27,species,pantree,rollpi,Rollinia,Rollinia pittieri,0.3604,0.564953
0.6375,genus,pantree,rondam,Rondeletia,Rondeletia amoena,0.6375,0.635113
0.6375,genus,pantree,rondbu,Rondeletia,Rondeletia buddleioides,0.6375,0.635113
0.6375,genus,pantree,rondha,Rondeletia,Rondeletia hameliifolia,0.6375,0.635113
0.6375,genus,pantree,rondpa,Rondeletia,Rondeletia panamensis,0.6375,0.635113
0.635113,family,pantree,randfo,Rosenbergiodendron,Rosenbergiodendron formosum,NA,0.635113
0.78,species,pantree,roupmo,Roupala,Roupala montana,0.848,0.633844
0.848,genus,pantree,rouppe,Roupala,Roupala percoriacea,0.848,0.633844
0.82,genus,pantree,roysre,Roystonea,Roystonea regia,0.82,0.568511
0.57,genus,pantree,rudgco,Rudgea,Rudgea cornifolia,0.57,0.635113
0.57,genus,pantree,rudgis,Rudgea,Rudgea isthmensis,0.57,0.635113
0.57,genus,pantree,rudgpi,Rudgea,Rudgea pittieri,0.57,0.635113
0.57,genus,pantree,rudgsk,Rudgea,Rudgea skutchii,0.57,0.635113
0.57,genus,pantree,rudg1,Rudgea,Rudgea sp.1,0.57,0.635113
0.602922,family,pantree,ruprco,Ruprechtia,Ruprechtia costata,NA,0.602922
NA,NA,pantree,ruptca,Ruptiliocarpon,Ruptiliocarpon caracolito,NA,NA
0.56611,family,pantree,ryansp,Ryania,Ryania speciosa,NA,0.56611
0.800579,genus,pantree,sacoov,Sacoglottis,Sacoglottis ovicarpa,0.800579,0.771515
0.800579,genus,pantree,sacotr,Sacoglottis,Sacoglottis trichogyna,0.800579,0.771515
0.76,genus,pantree,salaju,Salacia,Salacia juruana,0.76,0.661201
0.76,genus,pantree,salape,Salacia,Salacia petenensis,0.76,0.661201
0.678168,family,pantree,samasa,Samanea,Samanea saman,NA,0.678168
0.71225,species,pantree,sap1sa,Sapindus,Sapindus saponaria,0.735455,0.693076
0.412806,genus,pantree,sapisp,Sapium,Sapium broadleaf,0.412806,0.509083
0.41525,species,pantree,sapiau,Sapium,Sapium glandulosum,0.412806,0.509083
0.412806,genus,pantree,sapila,Sapium,Sapium laurifolium,0.412806,0.509083
0.412806,genus,pantree,sapi2,Sapium,Sapium sp.2,0.412806,0.509083
0.615,species,pantree,sarcbr,Sarcaulus,Sarcaulus brasiliensis,0.615,0.703375
0.398667,genus,pantree,saurla,Saurauia,Saurauia yasicae,0.398667,0.398667
0.453891,species,pantree,sch2mo,Schefflera,Schefflera morototoni,0.427102,0.428823
0.3465,species,pantree,schipa,Schizolobium,Schizolobium parahyba,0.391077,0.678168
0.508424,family,pantree,schopa,Schoenobiblus,Schoenobiblus panamensis,NA,0.508424
0.53,species,pantree,sciaex,Sciadodendron,Sciadodendron excelsum,0.53,0.428823
0.540586,genus,pantree,scleco,Sclerolobium,Sclerolobium costaricense,0.540586,0.678168
0.631154,genus,pantree,sennbi,Senna,Senna bicapsularis,0.631154,0.678168
0.631154,genus,pantree,sennda,Senna,Senna dariensis,0.631154,0.678168
0.631154,genus,pantree,sennre,Senna,Senna reticulata,0.631154,0.678168
0.703375,family,pantree,sideca,Sideroxylon,Sideroxylon capiri,NA,0.703375
0.703375,family,pantree,sidece,Sideroxylon,Sideroxylon celastrinum,NA,0.703375
0.703375,family,pantree,sidepe,Sideroxylon,Sideroxylon persimile,NA,0.703375
0.474333,species,pantree,sim1ce,Simaba,Simaba cedron,0.419333,0.421875
0.419333,genus,pantree,sim1po,Simaba,Simaba polyphylla,0.419333,0.421875
0.384643,species,pantree,simaam,Simarouba,Simarouba amara,0.415047,0.421875
0.656875,genus,pantree,simima,Simira,Simira maxonii,0.656875,0.635113
0.6562,genus,pantree,sipaco,Siparuna,Siparuna conica,0.6562,0.588
0.655,species,pantree,sipacu,Siparuna,Siparuna cuspidata,0.6562,0.588
0.6562,genus,pantree,sipagr,Siparuna,Siparuna grandiflora,0.6562,0.588
0.6562,genus,pantree,sipagu,Siparuna,Siparuna guianensis,0.6562,0.588
0.6562,genus,pantree,sipapa,Siparuna,Siparuna pauciflora,0.6562,0.588
0.6562,genus,pantree,sipa3,Siparuna,Siparuna sp.3,0.6562,0.588
0.6562,genus,pantree,sipa5,Siparuna,Siparuna sp.5,0.6562,0.588
0.6562,genus,pantree,sipath,Siparuna,Siparuna thecaphora,0.6562,0.588
0.624723,genus,pantree,sloam2,Sloanea,Sloanea medusula,0.624723,0.550108
0.624723,genus,pantree,sloame,Sloanea,Sloanea megaphylla,0.624723,0.550108
0.624723,genus,pantree,sloam1,Sloanea,Sloanea meianthera,0.624723,0.550108
0.624723,genus,pantree,sloa5,Sloanea,Sloanea sp.5,0.624723,0.550108
0.624723,genus,pantree,sloa6,Sloanea,Sloanea sp.6,0.624723,0.550108
0.624723,genus,pantree,sloa7,Sloanea,Sloanea sp.7,0.624723,0.550108
0.624723,genus,pantree,sloa8,Sloanea,Sloanea sp.8,0.624723,0.550108
0.624723,genus,pantree,sloa9,Sloanea,Sloanea sp.9,0.624723,0.550108
0.624723,genus,pantree,sloate,Sloanea,Sloanea terniflora,0.624723,0.550108
0.624723,genus,pantree,sloazu,Sloanea,Sloanea zuliaensis,0.624723,0.550108
0.23,species,pantree,socrex,Socratea,Socratea exorrhiza,0.23,0.568511
0.421683,genus,pantree,sola5,Solanum,Solanum enves_purpura,0.421683,0.516194
0.421683,genus,pantree,solaar,Solanum,Solanum arboreum,0.421683,0.516194
0.421683,genus,pantree,solaas,Solanum,Solanum asperum,0.421683,0.516194
0.421683,genus,pantree,cyphha,Solanum,Solanum circinatum,0.421683,0.516194
0.421683,genus,pantree,solaex,Solanum,Solanum cordovense,0.421683,0.516194
0.421683,genus,pantree,solaha,Solanum,Solanum hayesii,0.421683,0.516194
0.421683,genus,pantree,solaja,Solanum,Solanum jamaicense,0.421683,0.516194
0.421683,genus,pantree,sola3,Solanum,Solanum sp.3,0.421683,0.516194
0.421683,genus,pantree,solast,Solanum,Solanum steyermarkii,0.421683,0.516194
0.608333,genus,pantree,soroaf,Sorocea,Sorocea affinis,0.608333,0.539787
0.608333,genus,pantree,soropu,Sorocea,Sorocea pubivena,0.608333,0.539787
0.595,genus,pantree,spacco,Spachea,Spachea correae,0.595,0.63709
0.595,genus,pantree,spacme,Spachea,Spachea membranacea,0.595,0.63709
0.34396,species,pantree,spatca,Spathodea,Spathodea campanulata,0.34396,0.618486
0.37,species,pantree,sponcy,Spondias,Spondias dulcis,0.364781,0.557831
0.390706,species,pantree,sponmo,Spondias,Spondias mombin,0.364781,0.557831
0.364781,genus,pantree,sponpu,Spondias,Spondias purpurea,0.364781,0.557831
0.430667,species,pantree,sponra,Spondias,Spondias radlkoferi,0.364781,0.557831
0.635113,family,pantree,stacdi,Stachyarrhena,Stachyarrhena heterochroa,NA,0.635113
0.639063,family,pantree,staupe,Stauranthus,Stauranthus perforatus,NA,0.639063
0.49,genus,pantree,stemal,Stemmadenia,Stemmadenia alfari,0.49,0.566004
0.49,genus,pantree,stemgr,Stemmadenia,Stemmadenia grandiflora,0.49,0.566004
0.49,genus,pantree,stem1,Stemmadenia,Stemmadenia sp.1,0.49,0.566004
0.49,genus,pantree,stem3,Stemmadenia,Stemmadenia sp.3,0.49,0.566004
0.388091,species,pantree,sterap,Sterculia,Sterculia apetala,0.4256,0.475382
0.4256,genus,pantree,stergl,Sterculia,Sterculia costaricana,0.4256,0.475382
0.49,species,pantree,sterre,Sterculia,Sterculia recordiana,0.4256,0.475382
0.4256,genus,pantree,ster2,Sterculia,Sterculia sp.2,0.4256,0.475382
0.695947,genus,pantree,stry1,Strychnos,Strychnos sp.1,0.695947,0.609179
0.4825,genus,pantree,stylst,Stylogyne,Stylogyne turbacensis,0.4825,0.647118
0.844349,genus,pantree,swarpa,Swartzia,Swartzia panamensis,0.844349,0.678168
0.844349,genus,pantree,swars1,Swartzia,Swartzia simplex,0.844349,0.678168
0.523125,species,pantree,swiema,Swietenia,Swietenia macrophylla,0.538868,0.555811
0.6004,species,pantree,sympgl,Symphonia,Symphonia globulifera,0.618323,0.655327
0.536183,genus,pantree,sym1pa,Symplocos,Symplocos panamensis,0.536183,0.536183
0.568511,family,pantree,synewa,Synechanthus,Synechanthus warscewiczianus,NA,0.568511
0.682282,species,pantree,syzyja,Syzygium,Syzygium jambos,0.649229,0.767024
0.649229,genus,pantree,syzyma,Syzygium,Syzygium malaccense,0.649229,0.767024
0.835,species,pantree,tab1gu,Tabebuia,Tabebuia guayacan,0.752586,0.618486
0.846975,species,pantree,tab1oc,Tabebuia,Tabebuia ochracea,0.752586,0.618486
0.5305,species,pantree,tab1ro,Tabebuia,Tabebuia rosea,0.752586,0.618486
0.752586,genus,pantree,tab1st,Tabebuia,Tabebuia striata,0.752586,0.618486
0.524667,genus,pantree,tab2ar,Tabernaemontana,Tabernaemontana arborea,0.524667,0.566004
0.524667,genus,pantree,tab2pe,Tabernaemontana,Tabernaemontana longipes,0.524667,0.566004
0.524667,genus,pantree,tab2pa,Tabernaemontana,Tabernaemontana panamensis,0.524667,0.566004
0.585,species,pantree,tab2un,Tabernaemontana,Tabernaemontana undulata,0.524667,0.566004
0.521,species,pantree,tachve,Tachigali,Tachigali versicolor,0.557333,0.678168
0.482686,family,pantree,talagl,Talauma,Talauma gloriensis,NA,0.482686
0.482686,family,pantree,talasa,Talauma,Talauma sambuensis,NA,0.482686
0.475382,family,pantree,hibipe,Talipariti,Talipariti tiliaceum,NA,0.475382
0.849889,genus,pantree,taline,Talisia,Talisia nervosa,0.849889,0.693076
0.9784,species,pantree,tamain,Tamarindus,Tamarindus indica,0.9784,0.678168
0.457,species,pantree,tapigu,Tapirira,Tapirira guianensis,0.438778,0.557831
0.66025,genus,pantree,tapucu,Tapura,Tapura cubensis,0.66025,0.6804
0.618486,family,pantree,tecost,Tecoma,Tecoma stans,NA,0.618486
0.601444,species,pantree,tectgr,Tectona,Tectona grandis,0.612757,0.538969
0.6735,species,pantree,termam,Terminalia,Terminalia amazonia,0.554754,0.600332
0.478,species,pantree,termca,Terminalia,Terminalia catappa,0.554754,0.600332
0.694167,species,pantree,termob,Terminalia,Terminalia oblonga,0.554754,0.600332
0.554754,genus,pantree,term1,Terminalia,Terminalia sp.1,0.554754,0.600332
0.618091,genus,pantree,ternte,Ternstroemia,Ternstroemia tepezapote,0.618091,0.558
0.717333,species,pantree,tet2pa,Tetragastris,Tetragastris panamensis,0.701843,0.521651
0.62,genus,pantree,tet4jo,Tetrathylacium,Tetrathylacium johansenii,0.62,0.56611
0.62,species,pantree,tet4ma,Tetrathylacium,Tetrathylacium macrophyllum,0.62,0.56611
0.4545,genus,pantree,tet5eu,Tetrorchidium,Tetrorchidium euryphyllum,0.4545,0.509083
0.4545,genus,pantree,tet5go,Tetrorchidium,Tetrorchidium gorgonae,0.4545,0.509083
0.529714,genus,pantree,theobe,Theobroma,Theobroma bernoullii,0.529714,0.475382
0.529714,genus,pantree,theobi,Theobroma,Theobroma bicolor,0.529714,0.475382
0.42,species,pantree,theoca,Theobroma,Theobroma cacao,0.529714,0.475382
0.529714,genus,pantree,theoch,Theobroma,Theobroma simiarum,0.529714,0.475382
0.63,species,pantree,theosp,Theobroma,Theobroma speciosum,0.529714,0.475382
0.6055,genus,pantree,thevah,Thevetia,Thevetia ahouai,0.6055,0.566004
0.62,genus,pantree,tocopi,Tocoyena,Tocoyena pittieri,0.62,0.635113
0.678571,genus,pantree,tovolo,Tovomita,Tovomita longifolia,0.678571,0.655327
0.678571,genus,pantree,tovo1,Tovomita,Tovomita sp.1,0.678571,0.655327
0.678571,genus,pantree,tovost,Tovomita,Tovomita stylosa,0.678571,0.655327
0.678571,genus,pantree,tovowe,Tovomita,Tovomita weddelliana,0.678571,0.655327
0.424,species,pantree,tratas,Trattinnickia,Trattinnickia aspera,0.458895,0.521651
0.46,species,pantree,tratbu,Trattinnickia,Trattinnickia burserifolia,0.458895,0.521651
0.335088,genus,pantree,tremin,Trema,Trema integerrima,0.335088,0.536682
0.319417,species,pantree,tremmi,Trema,Trema micrantha,0.335088,0.536682
0.45,species,pantree,tri1gi,Trichanthera,Trichanthera gigantea,0.45,0.669737
0.606667,species,pantree,tri2hi,Trichilia,Trichilia hirta,0.637446,0.555811
0.47,species,pantree,tri2to,Trichilia,Trichilia martiana,0.637446,0.555811
0.698125,species,pantree,tri2pa,Trichilia,Trichilia pallida,0.637446,0.555811
0.675,species,pantree,tri2pl,Trichilia,Trichilia pleeana,0.637446,0.555811
0.637446,genus,pantree,tri2po,Trichilia,Trichilia poeppigii,0.637446,0.555811
0.54825,species,pantree,tri2qu,Trichilia,Trichilia quadrijuga,0.637446,0.555811
0.637446,genus,pantree,tri2se,Trichilia,Trichilia septentrionalis,0.637446,0.555811
0.637446,genus,pantree,tri21,Trichilia,Trichilia sp.1,0.637446,0.555811
0.637446,genus,pantree,tri22,Trichilia,Trichilia sp.2,0.637446,0.555811
0.637446,genus,pantree,tri2tr,Trichilia,Trichilia trifolia,0.637446,0.555811
0.6275,species,pantree,tri2tu,Trichilia,Trichilia tuberculata,0.637446,0.555811
0.27,species,pantree,tri4ga,Trichospermum,Trichospermum galeottii,0.3132,0.475382
0.52,species,pantree,tripcu,Triplaris,Triplaris cumingiana,0.514056,0.602922
0.475382,family,pantree,triubo,Triumfetta,Triumfetta bogotensis,NA,0.475382
0.47,species,pantree,olmeas,Trophis,Trophis caucana,0.602333,0.539787
0.65925,species,pantree,tropra,Trophis,Trophis racemosa,0.602333,0.539787
NA,NA,pantree,turnpa,Turnera,Turnera panamensis,NA,NA
0.354805,species,pantree,turpoc,Turpinia,Turpinia occidentalis,0.394083,0.396
NA,NA,pantree,lau12,Unidentified,Unidentified pubescente,NA,NA
NA,NA,pantree,ana1,Unidentified,Unidentified sp.1,NA,NA
NA,NA,pantree,ana1,Unidentified,Unidentified sp.1,NA,NA
NA,NA,pantree,ana1,Unidentified,Unidentified sp.1,NA,NA
NA,NA,pantree,ana1,Unidentified,Unidentified sp.1,NA,NA
NA,NA,pantree,ana1,Unidentified,Unidentified sp.1,NA,NA
NA,NA,pantree,lau11,Unidentified,Unidentified sp.11,NA,NA
NA,NA,pantree,lau11,Unidentified,Unidentified sp.11,NA,NA
NA,NA,pantree,lau13,Unidentified,Unidentified sp.13,NA,NA
NA,NA,pantree,lau14,Unidentified,Unidentified sp.14,NA,NA
NA,NA,pantree,lau15,Unidentified,Unidentified sp.15,NA,NA
NA,NA,pantree,lau16,Unidentified,Unidentified sp.16,NA,NA
NA,NA,pantree,ann2,Unidentified,Unidentified sp.2,NA,NA
NA,NA,pantree,ann2,Unidentified,Unidentified sp.2,NA,NA
NA,NA,pantree,ann2,Unidentified,Unidentified sp.2,NA,NA
NA,NA,pantree,ann2,Unidentified,Unidentified sp.2,NA,NA
NA,NA,pantree,lau4,Unidentified,Unidentified sp.4,NA,NA
NA,NA,pantree,lau4,Unidentified,Unidentified sp.4,NA,NA
NA,NA,pantree,lau5,Unidentified,Unidentified sp.5,NA,NA
NA,NA,pantree,lau5,Unidentified,Unidentified sp.5,NA,NA
NA,NA,pantree,rub6,Unidentified,Unidentified sp.6,NA,NA
NA,NA,pantree,rub7,Unidentified,Unidentified sp.7,NA,NA
NA,NA,pantree,lau8,Unidentified,Unidentified sp.8,NA,NA
NA,NA,pantree,lau8,Unidentified,Unidentified sp.8,NA,NA
0.54,genus,pantree,unon3,Unonopsis,Unonopsis peludo,0.54,0.564953
0.54,genus,pantree,unonpa,Unonopsis,Unonopsis panamensis,0.54,0.564953
0.368,species,pantree,unonpi,Unonopsis,Unonopsis pittieri,0.54,0.564953
0.54,genus,pantree,unon1,Unonopsis,Unonopsis sp.1,0.54,0.564953
0.54,genus,pantree,unonst,Unonopsis,Unonopsis storkii,0.54,0.564953
0.54,genus,pantree,unonth,Unonopsis,Unonopsis theobromifolia,0.54,0.564953
0.275078,species,pantree,urerba,Urera,Urera baccifera,0.331193,0.343615
0.331193,genus,pantree,urerca,Urera,Urera caracasana,0.331193,0.343615
0.331193,genus,pantree,urerla,Urera,Urera laciniata,0.331193,0.343615
0.835,genus,pantree,vantde,Vantanea,Vantanea depleta,0.835,0.771515
0.22625,family,pantree,carica,Vasconcellea,Vasconcellea cauliflora,NA,0.22625
0.6743,genus,pantree,vataer,Vatairea,Vatairea erythrocarpa,0.6743,0.678168
0.630596,family,pantree,verbgi,Verbesina,Verbesina gigantea,NA,0.630596
0.630596,family,pantree,verbla,Verbesina,Verbesina lanata,NA,0.630596
0.54,species,pantree,vernpa,Vernonanthura,Vernonanthura patens,0.54,0.630596
0.523333,species,pantree,viroel,Virola,Virola elongata,0.473016,0.505312
0.473016,genus,pantree,virogu,Virola,Virola guatemalensis,0.473016,0.505312
0.40775,species,pantree,viroko,Virola,Virola koschnyi,0.473016,0.505312
0.473016,genus,pantree,viroma,Virola,Virola macrocarpa,0.473016,0.505312
0.473016,genus,pantree,virome,Virola,Virola megacarpa,0.473016,0.505312
0.458,species,pantree,virosp,Virola,Virola multiflora,0.473016,0.505312
0.445375,species,pantree,virose,Virola,Virola sebifera,0.473016,0.505312
0.473016,genus,pantree,viro1,Virola,Virola sp.1,0.473016,0.505312
0.473016,genus,pantree,viro2,Virola,Virola sp.2,0.473016,0.505312
0.417909,species,pantree,virosu,Virola,Virola surinamensis,0.473016,0.505312
0.43,species,pantree,vismba,Vismia,Vismia baccifera,0.490875,0.655327
0.490875,genus,pantree,vismbi,Vismia,Vismia billbergiana,0.490875,0.655327
0.490875,genus,pantree,vismje,Vismia,Vismia jefensis,0.490875,0.655327
0.4935,species,pantree,vismma,Vismia,Vismia macrophylla,0.490875,0.655327
0.550393,genus,pantree,viteco,Vitex,Vitex cooperi,0.550393,0.538969
0.5625,species,pantree,vitecy,Vitex,Vitex cymosa,0.550393,0.538969
0.410167,species,pantree,vochfe,Vochysia,Vochysia ferruginea,0.466377,0.551652
0.353,species,pantree,vochho,Vochysia,Vochysia guatemalensis,0.466377,0.551652
0.466377,genus,pantree,vochje,Vochysia,Vochysia jefensis,0.466377,0.551652
0.466377,genus,pantree,voch1,Vochysia,Vochysia sp.1,0.466377,0.551652
0.475382,family,pantree,waltgl,Waltheria,Waltheria glomerata,NA,0.475382
0.5565,species,pantree,warsco,Warszewiczia,Warszewiczia coccinea,0.564333,0.635113
0.4,species,pantree,welfre,Welfia,Welfia regia,0.4,0.568511
0.568511,family,pantree,wetthi,Wettinia,Wettinia quinaria,NA,0.568511
0.516194,family,pantree,withso,Witheringia,Witheringia solanacea,NA,0.516194
0.825,species,pantree,ximeam,Ximenia,Ximenia americana,0.825,0.757515
0.56125,species,pantree,xyl1ar,Xylopia,Xylopia aromatica,0.593959,0.564953
0.593959,genus,pantree,xyl1bo,Xylopia,Xylopia bocatorena,0.593959,0.564953
0.593333,species,pantree,xyl1fr,Xylopia,Xylopia frutescens,0.593959,0.564953
0.874,species,pantree,xyl1ma,Xylopia,Xylopia macrantha,0.593959,0.564953
0.593959,genus,pantree,xyl1se,Xylopia,Xylopia sericea,0.593959,0.564953
0.719491,genus,pantree,xyl2ch,Xylosma,Xylosma chlorantha,0.719491,0.56611
0.719491,genus,pantree,xyl2ol,Xylosma,Xylosma oligandra,0.719491,0.56611
0.719491,genus,pantree,xyl2pa,Xylosma,Xylosma panamensis,0.719491,0.56611
0.608812,genus,pantree,zantpr,Zanthoxylum,Zanthoxylum acuminatum,0.608812,0.639063
0.608812,genus,pantree,zantbe,Zanthoxylum,Zanthoxylum ekmanii,0.608812,0.639063
0.49,species,pantree,zantp1,Zanthoxylum,Zanthoxylum panamense,0.608812,0.639063
0.469,species,pantree,zantse,Zanthoxylum,Zanthoxylum setulosum,0.608812,0.639063
0.774588,genus,pantree,zizici,Ziziphus,Ziziphus chloroxylon,0.774588,0.693636
0.618333,species,pantree,zizima,Ziziphus,Ziziphus mauritiana,0.774588,0.693636
0.602,species,pantree,zuelgu,Zuelania,Zuelania guidonia,0.602,0.56611
0.809857,genus,pantree,pit1di,Zygia,Zygia dinizii,0.809857,0.678168
0.809857,genus,pantree,zygien,Zygia,Zygia englesingii,0.809857,0.678168
0.75,species,pantree,zygila,Zygia,Zygia latifolia,0.809857,0.678168
0.809857,genus,pantree,zygilo,Zygia,Zygia longifolia,0.809857,0.678168
0.809857,genus,pantree,zygi1,Zygia,Zygia sp.1,0.809857,0.678168
0.809857,genus,pantree,zygi2,Zygia,Zygia sp.2,0.809857,0.678168
